,name,csc_index,catalog,class,cat_name,var_flag,streak_src_flag,pileup_flag,ra,dec,gal_b2,gal_l2,hard_hs,hard_hm,hard_ms,var_inter_prob_b,var_inter_sigma_b,var_intra_prob_b,var_inter_index_b,kp_intra_prob_b,var_intra_index_b,var_inter_hard_prob_hs,ks_intra_prob_b,var_inter_hard_sigma_hm,var_inter_hard_prob_ms,var_inter_hard_prob_hm,index,2-7 keV Chandra,0.5-7 keV Chandra,1.2-2 keV Chandra,0.5-1.2 keV Chandra,0.2-0.5 keV Chandra,0.3-8 keV (Chandra),0.5-2 keV (Chandra),FUV (GALEX) AB,NUV (GALEX) AB,u (SDSS PSF) AB,g (SDSS PSF) AB,r (SDSS PSF) AB,i (SDSS PSF) AB,z (SDSS PSF) AB,W1 (WISE),W2 (WISE),W3 (WISE),W4 (WISE),2-10 keV (XMM),4.5 microns (IRAC),8.0 microns (IRAC),24 microns (MIPS),J (2MASS/CTIO),H (2MASS/CTIO),K_s (2MASS/CTIO),0.5-8 keV (Chandra),3.6 microns (IRAC),5.8 microns (IRAC),1-2 keV (Chandra)
116,2CXO J002402.8-720449,CSC_191414,HEA,LMXB,CXOGLB J002403.4-720451 ,1,0,0,6.011798331598811,-72.08033221072942,-44.889727,305.900084,-0.27857589006871003,0.047470331043098,-0.31980012492192,1.0,2.4530498914011e-05,1.0,8.0,1.0,10.0,0.6502352056889301,1.0,0.5581471631031301,0.46580810691468,0.5513406398660999,114,1.4732049999999996e-15,1.8648824999999998e-14,4.36545e-15,3.6679e-15,1.0652225e-14,4.55e-14,,,,,,,,,,,,,,,,,,,,,,,
117,2CXO J002402.8-720449,CSC_191414,OPENCV,CV,CXOGlb J002402.8-720449,1,0,0,6.011798331598811,-72.08033221072942,-44.889727,305.900084,-0.27857589006871003,0.047470331043098,-0.31980012492192,1.0,2.4530498914011e-05,1.0,8.0,1.0,10.0,0.6502352056889301,1.0,0.5581471631031301,0.46580810691468,0.5513406398660999,114,1.4732049999999996e-15,1.8648824999999998e-14,4.36545e-15,3.6679e-15,1.0652225e-14,4.55e-14,,,,,,,,,,,,,,,,,,,,,,,
137,2CXO J002405.1-720604,CSC_191453,STAR,STAR,CXOGLB J002405.1-720604      ,1,0,0,6.0216421903620585,-72.10125427142863,-44.869494,305.8914410000001,-0.8382261086820699,0.096189881324172,-0.84821986258588,0.1973155328273901,1.8572629178553e-07,0.5658656755427,0.0,0.946272831649826,1.0,0.8231372980814001,0.94875624595977,0.54961627586808,0.66072116852883,0.72533808625814,134,9.0213e-16,1.03125e-15,8.168050000000001e-16,1.007625e-16,2.8214499999999997e-16,3.6e-15,,,,,,,,,,,,,,,,,,,,,,,
138,2CXO J002405.1-720604,CSC_191453,OPENCV,CV,Cl_ NGC 104 AGBWF 4-16,1,0,0,6.0216421903620585,-72.10125427142863,-44.869494,305.8914410000001,-0.8382261086820699,0.096189881324172,-0.84821986258588,0.1973155328273901,1.8572629178553e-07,0.5658656755427,0.0,0.9462728316498259,1.0,0.8231372980814001,0.94875624595977,0.54961627586808,0.66072116852883,0.72533808625814,134,9.0213e-16,1.03125e-15,8.168050000000001e-16,1.007625e-16,2.8214499999999997e-16,3.6e-15,,,,,,,,,,,,,,,,,,,,,,,
142,2CXO J002405.6-720449,CSC_191461,HEA,LMXB,NGC 104-W37             ,1,0,0,6.023632019372201,-72.08035581717851,-44.890249,305.8949970000001,-0.49594003747658,-0.12367270455964999,-0.39600249843847996,0.9918718782497816,1.9680147155025003e-06,0.99999999775436,6.0,0.9999999999339004,8.0,0.03828337665053005,0.9999999999574096,0.18808071870506,0.02564122310810002,0.14513412255382996,138,2.54185e-15,9.039299999999998e-15,3.32355e-15,1.9692e-15,3.9472499999999996e-15,3.07e-14,,,,,,,,,,,,,,,,,10.0925,10.218,8.276,,,,
143,2CXO J002405.6-720449,CSC_191461,OPENCV,CV,W32,1,0,0,6.023632019372201,-72.08035581717851,-44.890249,305.8949970000001,-0.49594003747658,-0.12367270455964999,-0.39600249843847996,0.9918718782497816,1.9680147155025003e-06,0.99999999775436,6.0,0.9999999999339004,8.0,0.03828337665053005,0.9999999999574096,0.18808071870506,0.02564122310810002,0.14513412255382996,138,2.54185e-15,9.039299999999998e-15,3.32355e-15,1.9692e-15,3.9472499999999996e-15,3.07e-14,,,,,,,,,,,,,,,,,10.0925,10.218,8.276,,,,
172,2CXO J002407.8-720441,CSC_191502,STAR,STAR,CXOGLB J002407.8-720441      ,1,0,0,6.032612401099301,-72.07823242533864,-44.892761,305.891588,-0.16989381636476994,-0.092442223610244,-0.078700811992505,0.8701120390560401,2.1596907153435e-06,0.99999997208777,5.0,0.999999999712467,8.0,0.17206654331520002,0.9999995345138796,0.11621199635275,0.4973567311967601,0.55341250813083,164,7.058849999999998e-16,1.50565e-14,3.3259999999999996e-15,4.3164e-15,7.33855e-15,3.29e-14,,,,,,,,,,,,,,,,,,,,,,,
173,2CXO J002407.8-720441,CSC_191502,ATNF,PULSAR,PSR J0024-7204I ,1,0,0,6.032612401099301,-72.07823242533864,-44.892761,305.891588,-0.16989381636476994,-0.092442223610244,-0.078700811992505,0.8701120390560401,2.1596907153435e-06,0.99999997208777,5.0,0.999999999712467,8.0,0.17206654331520002,0.9999995345138796,0.11621199635275,0.4973567311967601,0.55341250813083,164,7.058849999999998e-16,1.50565e-14,3.3259999999999996e-15,4.3164e-15,7.33855e-15,3.29e-14,,,,,,,,,,,,,,,,,,,,,,,
197,2CXO J002410.7-720425,CSC_191539,STAR,STAR,CXOGLB J002410.0-720426      ,1,0,0,6.044884553019074,-72.07382630961833,-44.897681,305.887245,0.7420362273579,0.52717051842598,0.35352904434728005,0.6399474140909599,2.1456979101952e-06,0.93372348310388,4.0,0.9295366216276628,6.0,0.8319995565067699,0.977145265447394,0.26472784839063,0.9085641982679692,0.89882336652621,188,3.2794499999999996e-17,3.4608e-14,9.440849999999998e-16,3.0439e-15,3.1852499999999996e-14,2.99e-14,,,,,,,,,,,,,,,,,,,,,,,
198,2CXO J002410.7-720425,CSC_191539,OPENCV,CV,CXOGlb J002410.7-720425,1,0,0,6.044884553019074,-72.07382630961833,-44.897681,305.887245,0.7420362273579,0.52717051842598,0.35352904434728005,0.6399474140909599,2.1456979101952e-06,0.93372348310388,4.0,0.9295366216276628,6.0,0.8319995565067699,0.9771452654473941,0.26472784839063,0.9085641982679692,0.89882336652621,188,3.2794499999999996e-17,3.4608e-14,9.440849999999998e-16,3.0439e-15,3.1852499999999996e-14,2.99e-14,,,,,,,,,,,,,,,,,,,,,,,
406,2CXO J004123.9+411500,CSC_208226,STAR,STAR,[PFH2005] 136                ,1,0,0,10.349736445219264,41.25008567805192,-21.582111,120.902956,,,,,,,,,,0.89191390214396,,0.20107358093984,0.30564120751459994,0.56492241171914,397,3.85485e-16,1.1068499999999998e-15,3.93055e-15,8.568799999999999e-16,1.65365e-15,,,,,,,,,,,,,,,,,,,,,,,,2.595975e-14
407,2CXO J004123.9+411500,CSC_208226,OPENCV,CV,2MASS J00412375+4114596,1,0,0,10.349736445219264,41.25008567805192,-21.582110999999998,120.902956,,,,,,,,,,0.89191390214396,,0.20107358093984,0.30564120751459994,0.56492241171914,397,3.85485e-16,1.1068499999999998e-15,3.93055e-15,8.568799999999999e-16,1.65365e-15,,,,,,,,,,,,,,,,,,,,,,,,2.595975e-14
411,2CXO J004141.2+410333,CSC_208259,STAR,STAR,RX J0041.6+4103              ,1,0,0,10.42203708827833,41.05918693950179,-21.775096,120.952996,-0.17114303560275,0.12991880074953,-0.29106808244846993,0.9946131114777588,3.047411369027e-05,0.69866808734564,6.0,0.9942179185813184,2.0,0.79117656822723,0.9970965229766394,0.3447553849506501,0.51620690008198,0.06608139522052002,401,4.4946e-16,3.6516500000000004e-14,7.693149999999999e-15,5.75995e-15,2.54505e-14,,,,,,,,,,,,,,,246.045,,1036.64,,,,,252.355,401.3,
412,2CXO J004141.2+410333,CSC_208259,OPENCV,CV,EV_ M31 V0665,1,0,0,10.42203708827833,41.05918693950179,-21.775095999999998,120.952996,-0.17114303560275,0.12991880074953,-0.29106808244846993,0.9946131114777588,3.047411369027e-05,0.69866808734564,6.0,0.9942179185813184,2.0,0.79117656822723,0.9970965229766394,0.3447553849506501,0.51620690008198,0.06608139522052002,401,4.4946e-16,3.6516500000000004e-14,7.693149999999999e-15,5.75995e-15,2.54505e-14,,,,,,,,,,,,,,,246.045,,1036.64,,,,,252.355,401.3,
500,2CXO J004244.3+411608A,CSC_208621,VERONCAT,AGN,M 31             ,1,0,0,10.684844167300014,41.26908712360001,-21.572977,121.174442,,,,1.0,0.00045114322851887997,0.96752263357337,8.0,0.9981740475864064,6.0,,0.9965235034543516,,,,507,8.20715e-15,2.0825500000000006e-13,5.6629999999999994e-14,5.6171000000000005e-14,1.067e-13,,4.21e-14,8.3,7.52,,,,,,,,,,,,149.0,106.5,,,,2.135e-13,239.0,,4.186720825000001e-14
501,2CXO J004244.3+411608A,CSC_208621,OPENCV,CV,M31N 2004-09b,1,0,0,10.684844167300014,41.26908712360001,-21.572976999999998,121.174442,,,,1.0,0.00045114322851887997,0.96752263357337,8.0,0.9981740475864064,6.0,,0.9965235034543516,,,,507,8.20715e-15,2.0825500000000006e-13,5.6629999999999994e-14,5.6171000000000005e-14,1.067e-13,,4.21e-14,8.3,7.52,,,,,,,,,,,,149.0,106.5,,,,2.135e-13,239.0,,4.186720825000001e-14
507,2CXO J004245.2+411611,CSC_208644,STAR,STAR,CXOM31 J004245.2+411611      ,1,0,0,10.688482844867053,41.26975041595108,-21.572413,121.177407,-0.34353529044347,-0.076202373516552,-0.27482823235478,1.0,0.0006153762851006903,0.90139479570517,8.0,0.9906613695810637,6.0,0.936663578572704,0.970283974723474,1.0150942149321,0.8716466350620901,0.976634867822522,516,1.8156500000000002e-15,2.0399e-14,6.0554e-15,4.848375e-15,1.002815e-14,6.75e-14,1.255e-14,,,,,,,,,,,,,,,,,,,5.945e-14,,,2.4135e-14
508,2CXO J004245.2+411611,CSC_208644,OPENCV,CV,M31N 2017-01a,1,0,0,10.688482844867053,41.26975041595108,-21.572413,121.177407,-0.34353529044347,-0.076202373516552,-0.27482823235478,1.0,0.0006153762851006903,0.90139479570517,8.0,0.9906613695810637,6.0,0.936663578572704,0.970283974723474,1.0150942149321,0.8716466350620901,0.976634867822522,516,1.8156500000000002e-15,2.0399e-14,6.0554e-15,4.848375e-15,1.002815e-14,6.75e-14,1.255e-14,,,,,,,,,,,,,,,,,,,5.945e-14,,,2.4135e-14
535,2CXO J004255.6+411835,CSC_208772,STAR,STAR,[VG2007] 81                  ,1,0,0,10.73175209080631,41.309773530786494,-21.533583,121.213885,-0.17239225484072,0.026233603997502,-0.19737663960025,1.0,1.0739502034948e-05,0.94118617424763,8.0,0.990980164927734,6.0,0.9996430297204366,0.9912026033644594,0.7492180476642699,0.3978217853012701,0.6569325697320699,555,1.7084000000000003e-15,3.0531e-14,7.237399999999999e-15,6.605600000000002e-15,1.7065e-14,7.16e-14,1.31e-14,,,,,,,,,,,,,648.5450000000002,72.745,155.905,14.7285,14.001,13.7605,6.720000000000001e-14,1042.4,,2.87925e-14
536,2CXO J004255.6+411835,CSC_208772,HEA,LMXB,[HPH2013] 242           ,1,0,0,10.73175209080631,41.309773530786494,-21.533583,121.213885,-0.17239225484072,0.026233603997502002,-0.19737663960025,1.0,1.0739502034948e-05,0.94118617424763,8.0,0.990980164927734,6.0,0.9996430297204366,0.9912026033644594,0.7492180476642699,0.3978217853012701,0.6569325697320699,555,1.7084000000000003e-15,3.0531e-14,7.237399999999999e-15,6.605600000000002e-15,1.7065e-14,7.16e-14,1.31e-14,,,,,,,,,,,,,648.5450000000002,72.745,155.905,14.7285,14.001,13.7605,6.720000000000001e-14,1042.4,,2.87925e-14
556,2CXO J004303.3+412121,CSC_208835,STAR,STAR,[VG2007] 180                 ,1,0,0,10.763791080897024,41.35603967277309,-21.488193,121.24148,-0.23360399750156,-0.027482823235477995,-0.20737039350406,0.9999999999999034,3.0407248653378004e-05,0.92468183457911,6.0,0.988642751861306,6.0,0.2667607742058,0.9986379748474372,0.67424637884996,0.12790958371635994,0.02536918170399005,579,2.3829499999999998e-15,1.3141999999999996e-13,3.3201999999999993e-14,2.851e-14,7.02875e-14,2.9299999999999996e-13,5.39e-14,21.34,20.78,,,,,,11.213,12.066666666666668,11.469,9.177666666666664,,1700.1999999999994,582.9300000000002,198.135,13.614,12.907,12.7225,2.6450000000000003e-13,2888.65,1161.75,1.0857e-13
557,2CXO J004303.3+412121,CSC_208835,HEA,LMXB,[HPH2013] 268           ,1,0,0,10.763791080897024,41.35603967277309,-21.488193,121.24148000000001,-0.23360399750156,-0.027482823235478,-0.20737039350405997,0.9999999999999034,3.0407248653378004e-05,0.92468183457911,6.0,0.988642751861306,6.0,0.2667607742058,0.9986379748474372,0.67424637884996,0.12790958371635994,0.02536918170399005,579,2.3829499999999998e-15,1.3141999999999996e-13,3.3201999999999993e-14,2.851e-14,7.02875e-14,2.9299999999999996e-13,5.39e-14,21.34,20.78,,,,,,11.213,12.066666666666668,11.469,9.177666666666664,,1700.1999999999994,582.9300000000002,198.135,13.614,12.907,12.7225,2.6450000000000003e-13,2888.65,1161.75,1.0857e-13
560,2CXO J004307.1+411810,CSC_208852,STAR,STAR,CXOM31 J004307.1+411809      ,1,0,0,10.779595273089,41.302807250899356,-21.541807,121.252235,,,,0.9999999999999574,7.7832625311503e-05,0.34507952128402003,6.0,0.8500968071658599,0.0,0.26977061071144004,0.60639027875122,0.22121546818177,0.46892490544376,0.28977236444135,584,4.331350000000001e-15,5.48595e-15,5.95185e-16,7.209449999999997e-16,2.7467500000000003e-15,1.21e-13,1.19e-15,,,,,,,,,,,,,,,,,,,6.16e-15,,,1.5779249999999999e-15
561,2CXO J004307.1+411810,CSC_208852,OPENCV,CV,Nova RJC99 Jul-98,1,0,0,10.779595273089,41.302807250899356,-21.541807000000002,121.25223500000001,,,,0.9999999999999574,7.7832625311503e-05,0.34507952128402003,6.0,0.8500968071658599,0.0,0.26977061071144004,0.60639027875122,0.22121546818177,0.46892490544376003,0.28977236444135,584,4.331350000000001e-15,5.48595e-15,5.95185e-16,7.209449999999997e-16,2.7467500000000003e-15,1.21e-13,1.19e-15,,,,,,,,,,,,,,,,,,,6.16e-15,,,1.5779249999999999e-15
569,2CXO J004313.2+411813,CSC_208880,STAR,STAR,CXOM31 J004313.1+411814      ,1,0,0,10.80514401524755,41.30375542953717,-21.541522,121.272892,,,,1.0,1.4303130098607e-05,0.96547231933709,7.0,0.991712857950654,6.0,0.7009833354792501,0.9978631287233468,0.61691232700733,0.13598602732152,0.49183870641567,592,1.5789499999999998e-15,1.8446500000000002e-14,4.326600000000001e-15,4.16275e-15,1.17155e-14,5.63e-14,9.49e-15,,,,,,,,,,,,,,,,,,,4.655e-14,,,9.919499999999999e-15
570,2CXO J004313.2+411813,CSC_208880,OPENCV,CV,Rosino 140,1,0,0,10.80514401524755,41.30375542953717,-21.541522,121.272892,,,,1.0,1.4303130098607e-05,0.96547231933709,7.0,0.991712857950654,6.0,0.7009833354792501,0.9978631287233468,0.61691232700733,0.13598602732152001,0.49183870641567,592,1.5789499999999998e-15,1.8446500000000002e-14,4.326600000000001e-15,4.16275e-15,1.17155e-14,5.63e-14,9.49e-15,,,,,,,,,,,,,,,,,,,4.655e-14,,,9.919499999999999e-15
602,2CXO J004414.4+412204,CSC_209046,HEA,LMXB,XMMU J004414.0+41220    ,1,0,0,11.060335946691167,41.36801482509276,-21.483458,121.480966,,,,1.0,4.6870405047684e-05,0.45354482943645996,7.0,0.5248200969674399,0.0,0.65288885403649,0.4390198575159801,0.2322746758467,0.5246172609334401,0.49772551106353996,627,,,,,,,,,,,,,,,,,,,,42.757,208.849,172.34,,,,,49.044,90.02449999999996,2.1933e-14
603,2CXO J004414.4+412204,CSC_209046,OPENCV,CV,2XMM J004414.4+412204,1,0,0,11.060335946691167,41.36801482509276,-21.483458,121.480966,,,,1.0,4.6870405047684e-05,0.45354482943645996,7.0,0.5248200969674399,0.0,0.65288885403649,0.4390198575159801,0.2322746758467,0.5246172609334401,0.49772551106353996,627,,,,,,,,,,,,,,,,,,,,42.757,208.849,172.34,,,,,49.044,90.02449999999996,2.1933e-14
687,2CXO J005153.0-723148,CSC_189446,STAR,STAR,XMMU J005152.4-723147        ,1,0,0,12.971246287729,-72.53023991021105,-44.59797,302.884798,0.37726420986883,0.37101811367895,0.0,1.0,4.9109829661733e-05,0.98071522423086,8.0,0.9985271735503553,6.0,0.85358662918309,0.9942852671242196,0.10169570540754,0.25868270916036995,0.72313521980668,712,1.4928e-14,3.7143e-14,2.4780999999999998e-15,5.049725e-15,3.04795e-14,,,,,,,,,,14.018666666666665,14.408666666666667,12.541333333333332,8.558666666666667,,,,,,,,,,,5.3946e-13
688,2CXO J005153.0-723148,CSC_189446,HMXB,HMXB,2E 0050.1-7247,1,0,0,12.971246287729,-72.53023991021105,-44.59797,302.884798,0.37726420986883,0.37101811367895,0.0,1.0,4.9109829661733e-05,0.98071522423086,8.0,0.9985271735503553,6.0,0.85358662918309,0.9942852671242196,0.10169570540754,0.25868270916036995,0.72313521980668,712,1.4928e-14,3.7143e-14,2.4780999999999998e-15,5.049725e-15,3.04795e-14,,,,,,,,,,14.018666666666665,14.408666666666667,12.541333333333332,8.558666666666667,,,,,,,,,,,5.3946e-13
800,2CXO J010102.9-720658,CSC_190105,STAR,STAR,1WGA J0101.0-7206            ,1,0,0,15.26208676998118,-72.11638403367051,-44.992399,301.888894,0.42348532167395,0.4422236102436,-0.026233603997502,1.0,0.0005334755936338,0.99829993937478,8.0,0.95893046747833,7.0,0.30887384480172997,0.929550727145218,0.2759211624182,0.1574333982892,0.48612361271092996,825,2.349905e-15,5.2777e-14,6.067200000000001e-15,5.9222499999999995e-15,4.25495e-14,,,,,,,,,,,,,,,210.26333333333332,120.14333333333332,130.995,15.482,15.5215,15.3655,,257.0266666666667,166.65,4.3182e-14
801,2CXO J010102.9-720658,CSC_190105,HMXB,HMXB,XMMU J010102.8-720659,1,0,0,15.26208676998118,-72.11638403367051,-44.992399,301.888894,0.42348532167395,0.4422236102436,-0.026233603997502,1.0,0.0005334755936338,0.99829993937478,8.0,0.95893046747833,7.0,0.30887384480172997,0.929550727145218,0.2759211624182,0.1574333982892,0.48612361271092996,825,2.349905e-15,5.2777e-14,6.067200000000001e-15,5.9222499999999995e-15,4.25495e-14,,,,,,,,,,,,,,,210.26333333333332,120.14333333333332,130.995,15.482,15.5215,15.3655,,257.0266666666667,166.65,4.3182e-14
810,2CXO J010137.5-720419,CSC_190133,STAR,STAR,1WGA J0101.6-7204            ,1,0,0,15.406363574661725,-72.07196170929927,-45.034344,301.822824,,,,1.0,5.227574970884e-05,0.84589158480969,8.0,0.9995540836946624,5.0,0.988904643245534,0.9997630568147436,0.3326943660205,0.06108664589609001,0.85968105710612,834,,,,,,5.550000000000001e-13,,,,,,,,,13.942666666666668,13.267666666666665,10.702,8.196666666666667,,391.74775,528.6867500000002,2940.05,,,,,330.58925,436.66825,1.3583250000000002e-13
811,2CXO J010137.5-720419,CSC_190133,HMXB,HMXB,RX J0101.6-7204,1,0,0,15.406363574661725,-72.07196170929927,-45.034344,301.822824,,,,1.0,5.227574970884e-05,0.84589158480969,8.0,0.9995540836946624,5.0,0.988904643245534,0.9997630568147436,0.3326943660205,0.06108664589609001,0.85968105710612,834,,,,,,5.550000000000001e-13,,,,,,,,,13.942666666666668,13.267666666666665,10.702,8.196666666666667,,391.74775,528.6867500000002,2940.05,,,,,330.58925,436.66825,1.3583250000000002e-13
1070,2CXO J015303.0-134654,CSC_266408,ULX,ULX,NGC 720 ULX11        ,1,0,0,28.26265164326088,-13.781830664340534,-70.380765,173.131293,,,,0.9999905499555596,6.3811373911577e-06,0.20487810105631,8.0,0.914127680629403,0.0,0.41556144558999,0.9342892688093,0.19123865855184,0.59330536124724,0.6902718626336801,1091,3.6043e-14,5.4213250000000005e-14,1.9389e-14,,2.49215e-14,1.04e-13,,,,,,,,,,,,,,390.555,557.755,1471.05,,,,,345.76,492.62,
1071,2CXO J015303.0-134654,CSC_266408,VERONCAT,AGN,IXO  2           ,1,0,0,28.26265164326088,-13.781830664340534,-70.380765,173.131293,,,,0.9999905499555596,6.3811373911577e-06,0.20487810105631,8.0,0.914127680629403,0.0,0.41556144558999,0.9342892688093,0.19123865855184,0.59330536124724,0.6902718626336801,1091,3.6043e-14,5.4213250000000005e-14,1.9389e-14,,2.49215e-14,1.04e-13,,,,,,,,,,,,,,390.555,557.755,1471.05,,,,,345.76,492.62,
1405,2CXO J024031.6+611345,CSC_247333,STAR,STAR,BWE 0236+6101                ,1,0,0,40.132071073902246,61.22922704085953,1.086059,135.675375,0.7470331043098101,0.50843222985634,0.38600874453467,1.0,0.0042042581450494,1.0,8.0,1.0,9.0,1.0,1.0,0.18924475802854,0.9999612651581876,1.0,1425,3.785625e-14,2.1898e-12,4.9588e-14,2.071e-13,1.99765e-12,2.8500000000000002e-11,,,,,,,,,7.858,7.430333333333333,6.999,6.658,,,,21801.0,8.621,8.228,7.9170000000000025,,,,
1406,2CXO J024031.6+611345,CSC_247333,HMXB,HMXB,GT 0236+610,1,0,0,40.132071073902246,61.22922704085953,1.086059,135.675375,0.7470331043098101,0.50843222985634,0.38600874453467,1.0,0.0042042581450494,1.0,8.0,1.0,9.0,1.0,1.0,0.18924475802854,0.9999612651581876,1.0,1425,3.785625e-14,2.1898e-12,4.9588e-14,2.071e-13,1.99765e-12,2.8500000000000002e-11,,,,,,,,,7.858,7.430333333333333,6.999,6.658,,,,21801.0,8.621,8.228,7.9170000000000025,,,,
1784,2CXO J033647.2+003515,CSC_300922,STAR,STAR,CCDM J03368+0035AB           ,1,0,0,54.19704835205646,0.5877417945558537,-41.568751,184.911244,,,,,,,,,,,,,,,1802,,,,,,1.21e-10,,,,,,,,,,,,,,,,447350.0,3.8819999999999997,3.2460000000000004,3.137,,,,3.852475e-11
1785,2CXO J033647.2+003515,CSC_300922,HEA,LMXB,HD 22468                ,1,0,0,54.19704835205646,0.5877417945558537,-41.568751,184.91124399999998,,,,,,,,,,,,,,,1802,,,,,,1.21e-10,,,,,,,,,,,,,,,,447350.0,3.8819999999999997,3.2460000000000004,3.137,,,,3.852475e-11
1843,2CXO J033851.6-352644,CSC_227478,ULX,ULX,NGC 1399 ULX11       ,1,0,0,54.715060613433934,-35.44567253377824,-53.559295,236.704978,-0.23610243597751,-0.034978138663335,-0.20362273579013,1.0,2.3178756975248e-05,0.058232303270943,8.0,0.956045459870266,0.0,0.9985424491441696,0.8052783147397401,0.20946603257155,0.59297651755978,0.9700150617062652,1859,5.006625e-14,1.17445e-13,2.6310250000000003e-14,2.3929249999999998e-14,6.6954e-14,,,,,,,,,,13.507333333333333,12.911,10.682,8.51,,,,,,,,,,,
1844,2CXO J033851.6-352644,CSC_227478,VERONCAT,AGN,XBS J03388-3526  ,1,0,0,54.715060613433934,-35.44567253377824,-53.559295,236.704978,-0.23610243597751,-0.034978138663335,-0.20362273579013,1.0,2.3178756975248e-05,0.058232303270943,8.0,0.956045459870266,0.0,0.9985424491441696,0.8052783147397401,0.20946603257155,0.59297651755978,0.9700150617062652,1859,5.006625e-14,1.17445e-13,2.6310250000000003e-14,2.3929249999999998e-14,6.6954e-14,,,,,,,,,,13.507333333333333,12.911,10.682,8.51,,,,,,,,,,,
2950,2CXO J053854.5+261856,CSC_76764,STAR,STAR,HD 245770                    ,1,1,1,84.72741720967538,26.315724869576226,-2.643545,181.445102,0.77326670830731,0.58338538413492,0.34603372891943,,,0.07773692982656599,,0.955829519024947,0.0,,0.90575372418783,,,,2964,5.1730999999999994e-14,2.478556e-12,5.01884e-14,1.78409e-13,2.3195900000000002e-12,5.62e-12,,,,,,,,,7.597666666666666,7.0310000000000015,6.235666666666668,5.306,,,,,8.368,8.272,8.1765,,,,
2951,2CXO J053854.5+261856,CSC_76764,HMXB,HMXB,1A 0535+262,1,1,1,84.72741720967538,26.315724869576226,-2.643545,181.445102,0.77326670830731,0.58338538413492,0.34603372891943,,,0.07773692982656599,,0.955829519024947,0.0,,0.90575372418783,,,,2964,5.1730999999999994e-14,2.478556e-12,5.01884e-14,1.78409e-13,2.3195900000000002e-12,5.62e-12,,,,,,,,,7.597666666666666,7.0310000000000015,6.235666666666668,5.306,,,,,8.368,8.272,8.1765,,,,
5327,2CXO J102347.6+003840,CSC_98151,ATNF,PULSAR,PSR J1023+0038  ,1,0,0,155.94868204737224,0.6447116358917271,45.782268,243.489498,0.094940662086196,0.29856339787633,-0.20986883198001,,,1.0,,0.9954929652124226,9.0,,0.9992949900020512,,,,5355,1.011275e-13,3.6137e-13,5.2890499999999994e-14,4.75495e-14,2.6918e-13,3.9299999999999994e-13,,,22.38545,19.578,18.014,17.437,17.264,17.212,15.662333333333335,15.907666666666666,12.199000000000002,9.58,,,,,16.2115,15.689,15.862,,,,
5328,2CXO J102347.6+003840,CSC_98151,HEA,LMXB,AY SEX                  ,1,0,0,155.94868204737224,0.6447116358917271,45.782268,243.489498,0.094940662086196,0.29856339787633,-0.20986883198001002,,,1.0,,0.9954929652124226,9.0,,0.9992949900020512,,,,5355,1.011275e-13,3.6137e-13,5.2890499999999994e-14,4.75495e-14,2.6918e-13,3.9299999999999994e-13,,,22.38545,19.578,18.014,17.437,17.264,17.212,15.662333333333335,15.907666666666666,12.199000000000002,9.58,,,,,16.2115,15.689,15.862,,,,
5329,2CXO J102347.6+003840,CSC_98151,OPENCV,CV,AY Sex,1,0,0,155.94868204737224,0.6447116358917271,45.782268,243.489498,0.094940662086196,0.29856339787633,-0.20986883198001002,,,1.0,,0.9954929652124226,9.0,,0.9992949900020512,,,,5355,1.011275e-13,3.6137e-13,5.2890499999999994e-14,4.75495e-14,2.6918e-13,3.9299999999999994e-13,,,22.38545,19.578,18.014,17.437,17.264,17.212,15.662333333333335,15.907666666666666,12.199000000000002,9.58,,,,,16.2115,15.689,15.862,,,,
5560,2CXO J103845.8+533012,CSC_99359,ULX,ULX,NGC 3310 ULX1        ,1,0,0,159.69109402153254,53.50335603824088,54.062434,156.604066,0.56589631480325,0.30730793254216,0.31230480949407,,,0.9999999999818,,0.9999999999925824,9.0,,0.9999999999997446,,,,5586,1.51005e-15,3.273050000000001e-13,1.5539e-14,4.9842000000000005e-14,2.7191e-13,3.065e-13,,,,13.889666666666665,5.532857142858591,12.541333333333334,12.384333333333334,12.147,,11.31,,,1.305e-12,7052.745333333332,53843.74333333333,4.99,10.897333333333336,11.053,10.6905,,7582.225,20075.15233333333,
5561,2CXO J103845.8+533012,CSC_99359,VERONCAT,AGN,NGC 3310         ,1,0,0,159.69109402153254,53.50335603824088,54.062434,156.604066,0.56589631480325,0.30730793254216,0.31230480949407,,,0.9999999999818,,0.9999999999925824,9.0,,0.9999999999997446,,,,5586,1.51005e-15,3.273050000000001e-13,1.5539e-14,4.9842000000000005e-14,2.7191e-13,3.065e-13,,,,13.889666666666665,5.532857142858591,12.541333333333334,12.384333333333334,12.147,,11.31,,,1.305e-12,7052.745333333332,53843.74333333333,4.99,10.897333333333336,11.053,10.6905,,7582.225,20075.15233333333,
6441,2CXO J120154.9-185314,CSC_288939,ULX,ULX,NGC 4038/9 ULX12     ,1,0,0,180.47907004127967,-18.887342640280266,42.444895,286.975759,0.26108682073704,0.19612742036227,0.068707058088695,1.0,1.9849572222498002e-05,0.32157969398793,8.0,0.977124087716755,0.0,0.9997405134860264,0.9909028964136296,0.15863054699296,0.39391485094076,0.986530346387645,6465,4.874024999999997e-16,9.0265e-14,9.02285e-15,1.6499000000000002e-14,6.573025000000001e-14,9.75e-14,,,,,,,,,,,,,,,,,,,16.16,,,,
6442,2CXO J120154.9-185314,CSC_288939,VERONCAT,AGN,CXO 37           ,1,0,0,180.47907004127967,-18.887342640280266,42.444895,286.975759,0.26108682073704,0.19612742036227,0.068707058088695,1.0,1.9849572222498002e-05,0.32157969398793,8.0,0.977124087716755,0.0,0.9997405134860264,0.9909028964136296,0.15863054699296,0.39391485094076,0.986530346387645,6465,4.874024999999997e-16,9.0265e-14,9.02285e-15,1.6499000000000002e-14,6.573025000000001e-14,9.75e-14,,,,,,,,,,,,,,,,,,,16.16,,,,
6454,2CXO J120309.6+443152,CSC_26888,VERONCAT,AGN,NGC 4051         ,1,1,1,180.790086550644,44.53126949438068,70.085211,148.883084,,,,,,1.0,,1.0,10.0,,1.0,,,,6477,1.2562680000000001e-12,5.394684000000001e-12,1.123474e-12,5.93587e-13,2.4864e-13,9.220000000000002e-12,1.4009999999999999e-11,,,,-2.50399999999947,,,,8.795333333333334,7.946333333333333,4.622,2.236333333333333,-0.8521739130314423,7.94,5.56,,11.4845,10.638,9.9235,,9.5635,114549.03333333333,
6455,2CXO J120309.6+443152,CSC_26888,STAR,STAR,EM* STHA 85                  ,1,1,1,180.790086550644,44.53126949438068,70.085211,148.883084,,,,,,1.0,,1.0,10.0,,1.0,,,,6477,1.2562680000000001e-12,5.394684000000001e-12,1.123474e-12,5.93587e-13,2.4864e-13,9.220000000000002e-12,1.4009999999999999e-11,,,,-2.50399999999947,,,,8.795333333333334,7.946333333333333,4.622,2.236333333333333,-0.8521739130314423,7.94,5.56,,11.4845,10.638,9.9235,,9.5635,114549.03333333333,
6520,2CXO J121007.7+392312,CSC_270579,ULX,ULX,NGC 4151 ULX1        ,1,0,0,182.53248076417003,39.38668822260025,75.02908000000002,155.36651899999995,,,,,,0.082182706010682,,0.36721150772949,0.0,,0.47408093535920004,,,,6542,4.7141000000000014e-15,3.175249999999999e-14,8.165499999999999e-15,7.81625e-15,1.6287e-14,2.935e-14,2.2e-14,,,20.376666666666665,19.560666666666666,18.736,18.425333333333327,18.191333333333333,15.237333333333336,14.447666666666665,11.429,8.198333333333332,,,,,,,,,,,4.5744e-15
6521,2CXO J121007.7+392312,CSC_270579,VERONCAT,AGN,IXO 43           ,1,0,0,182.53248076417003,39.38668822260025,75.02908000000002,155.36651899999995,,,,,,0.082182706010682,,0.36721150772949,0.0,,0.47408093535920004,,,,6542,4.7141000000000014e-15,3.175249999999999e-14,8.165499999999999e-15,7.81625e-15,1.6287e-14,2.935e-14,2.2e-14,,,20.376666666666665,19.560666666666666,18.736,18.425333333333327,18.191333333333333,15.237333333333336,14.447666666666665,11.429,8.198333333333332,,,,,,,,,,,4.5744e-15
6734,2CXO J122758.7-485343,CSC_111653,ATNF,PULSAR,PSR J1227-4853  ,1,0,0,186.9948164445437,-48.89537034297965,13.79563,298.965508,0.23860087445347,0.28107432854466,-0.046221111805122,,,0.99999999916094,,0.9999999999999358,8.0,,0.9999878395031828,,,,6755,2.607e-15,3.5314e-13,3.7723000000000005e-14,5.0006500000000005e-14,2.6976e-13,3.9799999999999997e-13,,,,,7.5e-15,,,,,,,,,,,,15.717,15.3575,15.4235,,,,
6735,2CXO J122758.7-485343,CSC_111653,HEA,LMXB,J1227-4853              ,1,0,0,186.9948164445437,-48.89537034297965,13.79563,298.965508,0.23860087445347,0.28107432854465997,-0.046221111805122,,,0.99999999916094,,0.9999999999999358,8.0,,0.9999878395031828,,,,6755,2.607e-15,3.5314e-13,3.7723000000000005e-14,5.0006500000000005e-14,2.6976e-13,3.9799999999999997e-13,,,,,7.5e-15,,,,,,,,,,,,15.717,15.3575,15.4235,,,,
6760,2CXO J122922.1+075332,CSC_193819,ULX,ULX,NGC 4472 ULX2        ,1,0,0,187.34221707618144,7.8923505361650275,70.066022,286.711522,-0.27482823235478,0.064959400374766,-0.33229231730169,1.0,1.4633947109401001e-05,0.49507530857305,8.0,0.923347280980825,0.0,0.12339744620232995,0.9557516904454642,0.15674308827373,0.11907786191466994,0.48676298343814,6780,3.312440000000001e-14,4.8764749999999995e-14,1.30148e-14,9.18815e-15,2.757325e-14,8.82e-14,4.0999999999999996e-14,,,21.544,20.753,20.659000000000002,20.936999999999998,20.085,15.15,14.498666666666667,11.789333333333332,8.477333333333334,,,,,,,,,,,
6761,2CXO J122922.1+075332,CSC_193819,VERONCAT,AGN,IXO 56           ,1,0,0,187.34221707618144,7.8923505361650275,70.066022,286.711522,-0.27482823235478,0.064959400374766,-0.33229231730169,1.0,1.4633947109401001e-05,0.49507530857305,8.0,0.923347280980825,0.0,0.12339744620232995,0.9557516904454642,0.15674308827373,0.11907786191466994,0.48676298343814,6780,3.312440000000001e-14,4.8764749999999995e-14,1.30148e-14,9.18815e-15,2.757325e-14,8.82e-14,4.0999999999999996e-14,,,21.544,20.753,20.659000000000002,20.936999999999998,20.085,15.15,14.498666666666667,11.789333333333332,8.477333333333334,,,,,,,,,,,
7426,2CXO J133001.0+471343,CSC_248544,ULX,ULX,NGC 5194/5 ULX7      ,1,0,0,202.50421685888927,47.22888593554328,68.520409,104.830222,0.047470331043098,0.18613366645846,-0.13991255465334,1.0,7.9357330090138e-05,1.0,8.0,1.0,10.0,0.967803678897102,1.0,0.087086927192156,0.8950737548177901,0.20434143671534,7467,2.9913499999999997e-13,3.7694e-13,5.7883e-14,6.236050000000001e-14,2.554450000000001e-13,,,,,,,,,,,,,,,,,,,,,,,,
7427,2CXO J133001.0+471343,CSC_248544,HEA,LMXB,M 51 X-7                ,1,0,0,202.50421685888927,47.22888593554328,68.520409,104.83022199999999,0.047470331043098,0.18613366645845997,-0.13991255465334,1.0,7.9357330090138e-05,1.0,8.0,1.0,10.0,0.9678036788971021,1.0,0.087086927192156,0.8950737548177901,0.20434143671533997,7467,2.9913499999999997e-13,3.7694e-13,5.7883e-14,6.236050000000001e-14,2.554450000000001e-13,,,,,,,,,,,,,,,,,,,,,,,,
7781,2CXO J141312.1-652013,CSC_273267,ULX,ULX,CIRCINUS ULX1        ,1,0,0,213.3005789909738,-65.33720695922071,-3.807339,311.330234,0.77951280449719,0.41224234853217,0.5421611492817,1.0,0.00088924262576044,1.0,8.0,1.0,10.0,1.0,1.0,0.17827881768657,0.9999893370489836,1.0,7823,3.07091e-14,8.399575000000001e-13,1.857375e-14,1.057625e-13,7.479475e-13,2.255e-12,,,,,,,,,,,,,9.000000000000002e-13,,,,,,,4.08e-12,,,
7782,2CXO J141312.1-652013,CSC_273267,OPENCV,CV,J141312.24-652014.0,1,0,0,213.3005789909738,-65.33720695922071,-3.807339,311.33023399999996,0.77951280449719,0.41224234853216996,0.5421611492817,1.0,0.00088924262576044,1.0,8.0,1.0,10.0,1.0,1.0,0.17827881768657,0.9999893370489836,1.0,7823,3.07091e-14,8.399575000000001e-13,1.857375e-14,1.057625e-13,7.479475e-13,2.255e-12,,,,,,,,,,,,,9.000000000000002e-13,,,,,,,4.08e-12,,,
8381,2CXO J152040.8-571000,CSC_226197,HMXB,HMXB,XMMSL2 J152040.2-570955,1,0,0,230.17019994130055,-57.16667524089613,0.037764,322.118523,0.9893816364772,0.85696439725172,0.86445971267958,,,1.0,,1.0,9.0,,0.9999999999999972,,,,8422,1.2929499999999998e-14,3.3655499999999987e-12,2.57345e-15,6.420399999999998e-14,3.45705e-12,6.7599999999999995e-12,,,,,,,,,9.860333333333333,9.917333333333334,8.534666666666666,6.41,2.0202e-08,13447.0,8999.3,348.91,12.7265,11.5275,10.683,,16624.5,11928.5,4.33665e-12
8382,2CXO J152040.8-571000,CSC_226197,HEA,LMXB,CIR X-1                 ,1,0,0,230.17019994130055,-57.16667524089613,0.037764,322.118523,0.9893816364771999,0.85696439725172,0.86445971267958,,,1.0,,1.0,9.0,,0.9999999999999972,,,,8422,1.2929499999999998e-14,3.3655499999999987e-12,2.57345e-15,6.420399999999998e-14,3.45705e-12,6.7599999999999995e-12,,,,,,,,,9.860333333333333,9.917333333333334,8.534666666666666,6.41,2.0202e-08,13447.0,8999.3,348.91,12.7265,11.5275,10.683,,16624.5,11928.5,4.33665e-12
8716,2CXO J162826.8-502239,CSC_133175,HMXB,HMXB,IGR J16287-5021,1,0,0,247.11185899430473,-50.377697928855255,-1.125757,334.108374,0.9369144284822,0.8894440974391,0.27732667083073,,,0.9158932368223,,0.9998555924314798,6.0,,0.9991037783707596,,,,8754,4.02505e-14,2.52145e-12,1.79955e-14,3.66175e-14,2.55225e-12,4.059999999999999e-12,,,,,,,,,,,,,6.499999999999999e-12,,,,,,,,,,
8717,2CXO J162826.8-502239,CSC_133175,HEA,LMXB,IGR J16287-5021         ,1,0,0,247.11185899430473,-50.377697928855255,-1.125757,334.108374,0.9369144284821999,0.8894440974391,0.27732667083073,,,0.9158932368223001,,0.9998555924314798,6.0,,0.9991037783707596,,,,8754,4.02505e-14,2.52145e-12,1.79955e-14,3.66175e-14,2.55225e-12,4.059999999999999e-12,,,,,,,,,,,,,6.499999999999999e-12,,,,,,,,,,
9206,2CXO J174042.0-280724,CSC_162426,HMXB,HMXB,IGR J17407-2808,1,0,0,265.1750419804374,-28.123557597902884,1.346365,0.123664,0.99937539038101,0.99937539038101,-0.99937539038101,1.0,0.00013766586825791002,1.0,8.0,1.0,10.0,0.7135501813488501,1.0,0.23993853258877,0.7638989965905,0.9996419574818842,9242,6.989717499999999e-15,2.50425e-13,6.4503000000000005e-16,5.5966200000000006e-15,2.448575e-13,4.71e-13,,,,,,,,,,,,,,,,,,,,,,,
9207,2CXO J174042.0-280724,CSC_162426,HEA,LMXB,IGR J17407-2808         ,1,0,0,265.1750419804374,-28.123557597902884,1.346365,0.12366400000000001,0.99937539038101,0.99937539038101,-0.99937539038101,1.0,0.00013766586825791002,1.0,8.0,1.0,10.0,0.7135501813488501,1.0,0.23993853258877,0.7638989965905,0.9996419574818842,9242,6.989717499999999e-15,2.50425e-13,6.4503000000000005e-16,5.5966200000000006e-15,2.448575e-13,4.71e-13,,,,,,,,,,,,,,,,,,,,,,,
9229,2CXO J174433.0-284426,CSC_164440,STAR,STAR,XMMSL2 J174433.3-284424      ,1,0,0,266.13775795247045,-28.74079724995894,0.301656,0.04445,0.98063710181137,0.92567145534041,0.56964397251718,1.0,5.0524720612134e-05,1.0,8.0,1.0,9.0,0.65913487233816,1.0,0.020621737044148,0.7865698799006899,0.19910849305664002,9264,3.3905e-15,3.4070250000000003e-13,2.224175e-15,4.55505e-15,3.4836000000000014e-13,6.069999999999999e-13,,,,,,,,,,,,,,,,,,,,,,,1.8721e-14
9230,2CXO J174433.0-284426,CSC_164440,HEA,LMXB,GRO J1744-28            ,1,0,0,266.13775795247045,-28.74079724995894,0.301656,0.04445,0.98063710181137,0.9256714553404101,0.56964397251718,1.0,5.0524720612134e-05,1.0,8.0,1.0,9.0,0.65913487233816,1.0,0.020621737044148,0.7865698799006899,0.19910849305664,9264,3.3905e-15,3.4070250000000003e-13,2.224175e-15,4.55505e-15,3.4836000000000014e-13,6.069999999999999e-13,,,,,,,,,,,,,,,,,,,,,,,1.8721e-14
9249,2CXO J174539.7-290029,CSC_168170,STAR,STAR,XMMSL2 J174539.6-290028      ,1,0,0,266.41576125921824,-29.00824744683389,-0.045589,359.943386,0.98813241723923,0.96064959400375,0.5421611492817,0.93086187270841,1.831539083047e-05,1.0,5.0,1.0,9.0,0.0,1.0,0.030987234629751,0.980895481282298,0.08770426067477001,9283,1.701925e-17,3.3450749999999996e-14,3.5165e-17,2.9863499999999997e-16,3.48495e-14,,,,,,,,,,,,,,,,,,14.0075,10.2195,7.739000000000001,,,,1.04105e-15
9250,2CXO J174539.7-290029,CSC_168170,HEA,LMXB,J1745-2900              ,1,0,0,266.41576125921824,-29.00824744683389,-0.045589,359.943386,0.98813241723923,0.9606495940037499,0.5421611492817,0.93086187270841,1.831539083047e-05,1.0,5.0,1.0,9.0,0.0,1.0,0.030987234629751,0.980895481282298,0.08770426067477001,9283,1.701925e-17,3.3450749999999996e-14,3.5165e-17,2.9863499999999997e-16,3.48495e-14,,,,,,,,,,,,,,,,,,14.0075,10.2195,7.739000000000001,,,,1.04105e-15
9251,2CXO J174540.1-290029,CSC_168230,ATNF,PULSAR,PSR J1745-2900  ,1,0,0,266.41736387329445,-29.008273148549108,-0.046799,359.944094,0.97938788257339,0.93941286695815,0.4759525296689601,1.0,0.0009722008821132301,0.7800067397345601,8.0,0.9999888467312444,5.0,,0.9996429989740386,0.21764342386402,0.45718524254574,0.42290122936662,9284,1.1391775e-16,7.156245e-13,4.773382499999998e-16,1.6477899999999995e-15,7.488229999999998e-13,,,,,,,,,,,,,,,,,,,,,,,,2.0974e-15
9252,2CXO J174540.1-290029,CSC_168230,HEA,LMXB,CXOGC J174540.0-290031  ,1,0,0,266.41736387329445,-29.008273148549108,-0.046799,359.944094,0.97938788257339,0.93941286695815,0.4759525296689601,1.0,0.0009722008821132301,0.7800067397345601,8.0,0.9999888467312444,5.0,,0.9996429989740386,0.21764342386402,0.45718524254574,0.42290122936661995,9284,1.1391775e-16,7.156245e-13,4.773382499999998e-16,1.6477899999999995e-15,7.488229999999998e-13,,,,,,,,,,,,,,,,,,,,,,,,2.0974e-15
9379,2CXO J175425.2-261952,CSC_2506,STAR,STAR,XMMSL2 J175425.2-261957      ,1,1,1,268.60506792338583,-26.33138371772481,-0.335434,3.235779,0.95690193628982,0.73953778888195,0.7445346658338499,,,1.0,,1.0,10.0,,1.0,,,,9411,1.5002000000000005e-14,4.272736e-12,1.489136e-14,1.6782639999999994e-13,4.1966199999999995e-12,2.13e-12,,,,,,,,,7.660333333333334,7.545333333333333,7.309,5.4239999999999995,,,,,8.8095,8.328500000000002,8.027000000000001,,,,
9380,2CXO J175425.2-261952,CSC_2506,HMXB,HMXB,IGR J17544-2619,1,1,1,268.60506792338583,-26.33138371772481,-0.335434,3.235779,0.95690193628982,0.73953778888195,0.7445346658338499,,,1.0,,1.0,10.0,,1.0,,,,9411,1.5002000000000005e-14,4.272736e-12,1.489136e-14,1.6782639999999994e-13,4.1966199999999995e-12,2.13e-12,,,,,,,,,7.660333333333334,7.545333333333333,7.309,5.4239999999999995,,,,,8.8095,8.328500000000002,8.027000000000001,,,,
9461,2CXO J181020.8-190410,CSC_199105,HMXB,HMXB,XTE J1810-189,1,0,0,272.58705318651533,-19.069496943562285,0.058684,11.36269,0.99937539038101,0.58713304184884,0.27982510930668,1.0,0.018475920351419,1.0,8.0,1.0,9.0,0.09977706291014,1.0,0.22392240534963,0.31291558475498005,0.5974896617760199,9494,8.118300000000004e-15,5.141971075e-11,1.4293366666666665e-15,5.666400000000001e-16,5.0860318e-11,,,,,,,,,,,,,,,,,,14.5045,12.826,12.1815,,,,
9462,2CXO J181020.8-190410,CSC_199105,HEA,LMXB,XTE J1810-189           ,1,0,0,272.58705318651533,-19.069496943562285,0.058684,11.362689999999999,0.99937539038101,0.58713304184884,0.27982510930668,1.0,0.018475920351418998,1.0,8.0,1.0,9.0,0.09977706291014,1.0,0.22392240534963,0.31291558475498005,0.5974896617760199,9494,8.118300000000004e-15,5.141971075e-11,1.4293366666666665e-15,5.666400000000001e-16,5.0860318e-11,,,,,,,,,,,,,,,,,,14.5045,12.826,12.1815,,,,
9497,2CXO J182432.4-245208,CSC_311492,ATNF,PULSAR,PSR J1824-2452I ,1,0,0,276.1353980290829,-24.868928074227306,-5.578935,7.798317,0.33603997501562,0.2473454091193,0.096189881324172,1.0,0.00011583359418013001,1.0,8.0,1.0,10.0,0.81906908482319,1.0,0.46852820348654,0.69571060386343,0.953356088400278,9529,7.530475e-15,4.717425e-13,3.995850000000001e-14,7.59745e-14,3.645575e-13,2.68e-13,,,,,,,,,,,,,,,,,,,,,,,
9498,2CXO J182432.4-245208,CSC_311492,HEA,LMXB,J1824-2452              ,1,0,0,276.1353980290829,-24.868928074227306,-5.5789349999999995,7.798317,0.33603997501562,0.24734540911929997,0.096189881324172,1.0,0.00011583359418013001,1.0,8.0,1.0,10.0,0.81906908482319,1.0,0.46852820348653995,0.69571060386343,0.953356088400278,9529,7.530475e-15,4.717425e-13,3.995850000000001e-14,7.59745e-14,3.645575e-13,2.68e-13,,,,,,,,,,,,,,,,,,,,,,,
9534,2CXO J183327.7-103524,CSC_209397,STAR,STAR,2XMM J183327.7-103523        ,1,0,0,278.36570918096845,-10.590096525281348,-0.874246,21.470702,,,,1.0,5.9618648239319994e-05,0.99901242536425,8.0,0.9995786371442984,7.0,0.30584207607005,0.9998124746038979,0.21152797593445,0.37075823371845,0.3230012959483201,9565,,,,,,5.379999999999999e-13,,,,,,,,,,,,,,141020.0,,31797.5,9.1285,8.629000000000001,8.275,,172270.0,128405.0,3.1277499999999996e-14
9535,2CXO J183327.7-103524,CSC_209397,HMXB,HMXB,2XMM J183327.7-103523,1,0,0,278.36570918096845,-10.590096525281348,-0.874246,21.470702,,,,1.0,5.9618648239319994e-05,0.99901242536425,8.0,0.9995786371442984,7.0,0.30584207607005,0.9998124746038979,0.21152797593445,0.37075823371845,0.3230012959483201,9565,,,,,,5.379999999999999e-13,,,,,,,,,,,,,,141020.0,,31797.5,9.1285,8.629000000000001,8.275,,172270.0,128405.0,3.1277499999999996e-14
9557,2CXO J184100.4-053547,CSC_207991,STAR,STAR,XMMSL2 J184100.6-053544      ,1,0,0,280.2517490439792,-5.596615349814301,-0.238921,26.763947,0.99437851342911,0.93566520924422,0.82823235477826,,,1.0,,1.0,10.0,,1.0,,,,9585,3.98885e-15,2.4438e-12,1.599e-15,2.4823500000000003e-14,2.4813e-12,,,,,,,,,,7.624666666666667,7.310333333333332,7.171666666666668,5.27,,,,,9.7575,9.231000000000002,8.940999999999997,,,,6.2886e-13
9558,2CXO J184100.4-053547,CSC_207991,HMXB,HMXB,AX J1841.0-0536,1,0,0,280.2517490439792,-5.596615349814301,-0.238921,26.763947,0.99437851342911,0.93566520924422,0.82823235477826,,,1.0,,1.0,10.0,,1.0,,,,9585,3.98885e-15,2.4438e-12,1.599e-15,2.4823500000000003e-14,2.4813e-12,,,,,,,,,,7.624666666666667,7.310333333333332,7.171666666666668,5.27,,,,,9.7575,9.231000000000002,8.940999999999997,,,,6.2886e-13
9872,2CXO J212958.3+121002,CSC_297042,ATNF,PULSAR,PSR J2129+1210I ,1,0,0,322.49297281455034,12.167409533771375,-27.312312,65.012935,,,,,,0.99999999999999,,0.9999999993437304,9.0,,0.9999999999808774,,,,9895,2.208935e-15,3.2953224e-13,6.159945e-14,7.1376335e-15,3.671646e-13,,,,,,,,,,,,,,,,,,,,,,,,3.63205e-11
9873,2CXO J212958.3+121002,CSC_297042,HEA,LMXB,4U 2129+12              ,1,0,0,322.49297281455034,12.167409533771375,-27.312312,65.012935,,,,,,0.99999999999999,,0.9999999993437304,9.0,,0.9999999999808774,,,,9895,2.208935e-15,3.2953224e-13,6.159945e-14,7.1376335e-15,3.671646e-13,,,,,,,,,,,,,,,,,,,,,,,,3.63205e-11
10275,2CXO J233938.7-053305,CSC_160148,ATNF,PULSAR,PSR J2339-0533  ,1,0,0,354.91140146183443,-5.551438442058655,-62.476117,81.34895300000002,0.15865084322299,0.29356652092442,-0.14241099312929,,,0.99959928125841,,0.9999964075419168,7.0,,0.9998503730437278,,,,10296,4.22785e-15,2.0714499999999997e-13,3.64115e-14,3.0137e-14,1.4810000000000002e-13,2.4299999999999997e-13,,22.8277,22.881575,,,,,,16.285999999999998,16.003,11.782333333333336,8.147333333333334,,,,,,,,,,,
10276,2CXO J233938.7-053305,CSC_160148,OPENCV,CV,MLS100902_233939-053305,1,0,0,354.91140146183443,-5.551438442058655,-62.476117,81.34895300000002,0.15865084322299,0.29356652092442,-0.14241099312929,,,0.99959928125841,,0.9999964075419168,7.0,,0.9998503730437278,,,,10296,4.22785e-15,2.0714499999999997e-13,3.64115e-14,3.0137e-14,1.4810000000000002e-13,2.4299999999999997e-13,,22.8277,22.881575,,,,,,16.285999999999998,16.003,11.782333333333336,8.147333333333334,,,,,,,,,,,
