,band,freq,unit
0,2-7 keV Chandra,9.19e+17,erg/cm^2/s
1,0.5-7 keV Chandra,5.56e+17,erg/cm^2/s
2,1.2-2 keV Chandra,3.77e+17,erg/cm^2/s
3,0.5-1.2 keV Chandra,2.22e+17,erg/cm^2/s
4,0.2-0.5 keV Chandra,9.67e+16,erg/cm^2/s
5,0.3-8 keV (Chandra),1e+18,erg/cm^2^/s
6,0.3-3.5 keV (EO IPC),3.87e+17,ergs cm^-2^ s^-1^
7,0.5-2 keV (Chandra),3.02e+17,erg/cm^2^/s
8,FUV (GALEX) AB,1950000000000000.0,mag
9,1700 A (SDSS),1760000000000000.0,log(erg/cm^2^/s/A)
10,NUV (GALEX) AB,1290000000000000.0,mag
11,u (SDSS PSF) AB,836000000000000.0,asinh mag
12,g (SDSS PSF) AB,617000000000000.0,asinh mag
13,r (SDSS PSF) AB,477000000000000.0,asinh mag
14,i (SDSS PSF) AB,389000000000000.0,asinh mag
15,z (SDSS PSF) AB,325000000000000.0,asinh mag
16,W1 (WISE),89400000000000.0,mag
17,W2 (WISE),65100000000000.0,mag
18,W3 (WISE),25900000000000.0,mag
19,W4 (WISE),13600000000000.0,mag
20,2-10 keV (XMM),1.45e+18,erg/cm^2^/s
21,4.5 microns (IRAC),66700000000000.0,microJy
22,8.0 microns (IRAC),38100000000000.0,microJy
23,24 microns (MIPS),12700000000000.0,microJy
24,0.5-10 keV (XMM),1.27e+18,erg/cm^2^/s
25,0.5-4.5 keV (XMM),6.05e+17,erg/cm^2^/s
26,[O III] line,599000000000000.0,log(W/m^2^)
27,FUV (GALEX) AB,1970000000000000.0,mag
28,NUV (GALEX) AB,1360000000000000.0,mag
29,J (2MASS/CTIO),243000000000000.0,mag
30,H (2MASS/CTIO),180000000000000.0,mag
31,K_s (2MASS/CTIO),139000000000000.0,mag
32,b_J,641000000000000.0,mag
33,8.4 GHz (VLA),8400000000.0,milliJy
34,4.85 GHz,4850000000.0,milliJy
35,1.4GHz,1400000000.0,milliJy
36,0.5-8 keV (Chandra),1.03e+18,log(erg/cm^2^/s)
37,FUV (GALEX) AB,1960000000000000.0,mag
38,NUV (GALEX) AB,1300000000000000.0,mag
39,2 keV (Chandra),4.84e+17,log(ergs/cm^2^/s/Hz)
40,2500 A,1200000000000000.0,log(ergs/cm^2^/s/Hz)
41,U_n AB,844000000000000.0,mag
42,G AB,627000000000000.0,mag
43,R AB,439000000000000.0,mag
44,J,240000000000000.0,mag
45,H,182000000000000.0,mag
46,K_s_14arcsec (2MASS),138000000000000.0,mag
47,3.6 microns (IRAC),84400000000000.0,microJy
48,5.8 microns (IRAC),52300000000000.0,microJy
49,B (VLT) (Johnson),681000000000000.0,mag
50,C IV line (VLT),1930000000000000.0,ergs/cm^2^/s
51,Mg II line (VLT),1070000000000000.0,ergs/cm^2^/s
52,Fe II line (VLT),1010000000000000.0,ergs/cm^2^/s
53,3000 A,999000000000000.0,erg/s/cm^2^/A
54,i (PAN-STARRS1) AB,397000000000000.0,mag
55,z (PAN-STARRS1) AB,345000000000000.0,mag
56,y (PAN-STARRS1) AB,315000000000000.0,mag
57,103a-O (POSS-I O),740000000000000.0,mag
58,103a-E (POSS-I E),465000000000000.0,mag
59,2-7 keV (Chandra),1.09e+18,erg/cm^2^/s
60,0.5-7 keV (Chandra),9.07e+17,erg/cm^2^/s
61,1-2 keV (Chandra),3.63e+17,erg/cm^2^/s
62,0.5-1 keV (Chandra),1.81e+17,erg/cm^2^/s
63,U,819000000000000.0,mag
64,V,542000000000000.0,mag
65,12 microns (ISOCAM),25000000000000.0,milliJy
66,70 microns,4200000000000.0,milliJy
67,230 GHz,230000000000.0,milliJy
68,90 GHz,90000000000.0,milliJy
69,43.34 GHz (VLA),43300000000.0,milliJy
70,22.46 GHz (VLA),22500000000.0,milliJy
71,22 GHz (ATCA),22000000000.0,Jy
72,20 GHz (ATCA),19900000000.0,milliJy
73,18.5 GHz (ATCA),18500000000.0,Jy
74,14900 MHz,14900000000.0,Jy
75,10.7 GHz (NRAO),10700000000.0,Jy
76,8870 MHz,8870000000.0,Jy
77,8.46 GHz (VLA),8460000000.0,milliJy
78,5009 MHz,5010000000.0,Jy
79,5000 MHz,5000000000.0,Jy
80,4.86 GHz (VLA),4860000000.0,milliJy
81,3.9 GHz (RATAN),3900000000.0,milliJy
82,2700 MHz,2700000000.0,Jy
83,2650 MHz,2650000000.0,Jy
84,1410 MHz,1410000000.0,Jy
85,960 MHz,960000000.0,Jy
86,750 MHz,750000000.0,Jy
87,635 MHz,635000000.0,Jy
88,468 MHz,468000000.0,Jy
89,408 MHz,408000000.0,Jy
90,365 MHz,365000000.0,Jy
91,318 MHz,318000000.0,Jy
92,178 MHz,178000000.0,Jy
93,160 MHz,160000000.0,Jy
94,145 MHz (PAPER),145000000.0,Jy
95,80 MHz,80000000.0,Jy
96,74 MHz (VLA),73800000.0,Jy
97,38 MHz,38000000.0,Jy
98,22 MHz (DRAO),22300000.0,Jy
99,Photographic IIIa-J,648000000000000.0,mag
100,Y (UKIDSS),291000000000000.0,mag
101,H (UKIDSS),184000000000000.0,mag
102,K (UKIDSS),136000000000000.0,mag
103,B (MDM),689000000000000.0,mag
104,R (MDM),476000000000000.0,mag
105,7.7 microns (IRS),38900000000000.0,ergs/s/cm^2^
106,[S IV] 10.5 (IRS),28500000000000.0,W/cm^2^
107,11.3 microns (IRS),26500000000000.0,ergs/s/cm^2^
108,[Ne II] 12.8 (IRS),23400000000000.0,W/cm^2^
109,[Ne V] 14.3 (IRS),20900000000000.0,W/cm^2^
110,[Ne III] 15.5 (IRS),19300000000000.0,W/cm^2^
111,160 microns (MIPS),1920000000000.0,milliJy
112,u (2QZ SGP),833000000000000.0,mag
113,r (2QZ SGP),468000000000000.0,mag
114,5-10 keV (XMM),1.81e+18,erg cm^-2^ s^-1^
115,FUV (GALEX) AB,1980000000000000.0,mag
116,NUV (GALEX),1320000000000000.0,erg/s/cm^2^/A
117,[O II] 3727 (Bok),804000000000000.0,erg s^-1^ cm^-2^
118,H{delta} (Bok),731000000000000.0,erg s^-1^ cm^-2^
119,H{gamma} (Bok),691000000000000.0,erg s^-1^ cm^-2^
120,H{alpha} (Bok),457000000000000.0,erg s^-1^ cm^-2^
121,[N II] 6584 (Bok),455000000000000.0,erg s^-1^ cm^-2^
122,[S II] 6716 (Bok),446000000000000.0,erg s^-1^ cm^-2^
123,[S II] 6731 (Bok),445000000000000.0,erg s^-1^ cm^-2^
124,R (Johnson),428000000000000.0,mag
125,I Cousins (du Pont),379000000000000.0,mag
126,J (ESO/SPM),250000000000000.0,milliJy
127,[Fe II] 1.257 line,238000000000000.0,erg cm^-2^ s^-1^
128,Pa{beta} line,234000000000000.0,erg cm^-2^ s^-1^
129,H (ESO/SPM),190000000000000.0,milliJy
130,H_2_ (1-0) S(3) line,153000000000000.0,erg cm^-2^ s^-1^
131,H_2_ (1-0) S(2) line,147000000000000.0,erg cm^-2^ s^-1^
132,H_2_ (1-0) S(1) line,141000000000000.0,erg cm^-2^ s^-1^
133,F_K (total),137000000000000.0,log milliJy
134,H_2_ (1-0) S(0) line,135000000000000.0,erg cm^-2^ s^-1^
135,H_2_ (2-1) S(1) line,133000000000000.0,erg cm^-2^ s^-1^
136,3.3 PAH (AKARI),90800000000000.0,erg/s/cm^2^
137,Br{alpha} (AKARI),74000000000000.0,erg/s/cm^2^
138,5.5 microns (IRS),54500000000000.0,Jy
139,6 microns (ISO),50000000000000.0,Jy
140,H_2S(6) (Spitzer),49100000000000.0,erg/s/cm^2^
141,PAH 6.2 (Spitzer),48400000000000.0,W/cm^2^
142,H_2S(5) (Spitzer),43400000000000.0,erg/s/cm^2^
143,[Ar II] (Spitzer),42900000000000.0,W/cm^2^
144,7.4 microns (IRS),40500000000000.0,W/m^2^
145,7.6 microns (IRS),39400000000000.0,W/m^2^
146,7.8 microns (IRS),38400000000000.0,W/m^2^
147,H_2S(4) (Spitzer),37500000000000.0,erg/s/cm^2^
148,8.3 microns (IRS),36100000000000.0,W/m^2^
149,8.6 microns (IRS),34900000000000.0,W/m^2^
150,H_2S(3) (Spitzer),31000000000000.0,W/m^2^
151,H_2S(3) (Spitzer),30900000000000.0,erg/s/cm^2^
152,10 microns (IRS),30000000000000.0,Jy
153,N,28300000000000.0,milliJy
154,10.8 microns MIRLIN,27800000000000.0,milliJy
155,11.2 microns (IRS),26800000000000.0,W/m^2^
156,Si5 (GeminiS),25700000000000.0,milliJy
157,H_2S(2) (Spitzer),24400000000000.0,erg/s/cm^2^
158,12.6 microns (IRS),23800000000000.0,W/m^2^
159,14.7 microns (IRS),20400000000000.0,Jy
160,15 microns (Spitzer),20000000000000.0,W/cm^2^/microns
161,17.0 microns (IRS),17600000000000.0,W/m^2^
162,[S III] 18.71 (IRS),16000000000000.0,erg/s/cm^2^
163,20 microns (Spitzer),15000000000000.0,W/cm^2^/microns
164,[Ne V] 24.32 (IRS),12300000000000.0,erg/s/cm^2^
165,25 microns (Spitzer),12000000000000.0,Jy
166,[O IV] 25.89 (IRS),11600000000000.0,erg/s/cm^2^
167,H_2S(0) (Spitzer),10600000000000.0,W/m^2^
168,30 microns (Spitzer),9990000000000.0,W/cm^2^/microns
169,[S III] 33.5 Spitzer,8950000000000.0,W/cm^2^
170,[Si II] 34.28,8750000000000.0,W/cm^2^
171,[Si II] 34.82 (IRS),8610000000000.0,erg/s/cm^2^
172,60 microns (IRAS),5000000000000.0,Jy
173,[O I] 63.18 (PACS),4750000000000.0,W/m^2^
174,70 microns (PACS),4280000000000.0,Jy
175,[O III] 88.36 (PACS),3390000000000.0,W/m^2^
176,90 microns (AKARI),3330000000000.0,Jy
177,100 microns (IRAS),3000000000000.0,Jy
178,100 microns (PACS),2930000000000.0,Jy
179,120 microns (ISO),2520000000000.0,Jy
180,[O I] 145.52 (PACS),2060000000000.0,W/m^2^
181,[C II] 157.74 (PACS),1900000000000.0,W/m^2^
182,150 microns (ISO),1860000000000.0,Jy
183,160 microns (PACS),1810000000000.0,Jy
184,170 microns (ISO),1720000000000.0,Jy
185,180 microns (ISO),1620000000000.0,Jy
186,200 microns (ISO),1470000000000.0,Jy
187,[N II] (Herschel),1460000000000.0,W/m^2^
188,250 microns (SPIRE),1200000000000.0,Jy
189,350 microns (SPIRE),857000000000.0,Jy
190,500 microns (SPIRE),600000000000.0,Jy
191,CO(1-0) (CARMA),115000000000.0,Jy km/s
192,HC3N 10-9,91000000000.0,Jy km/s
193,HNC 1-0,90700000000.0,Jy km/s
194,23.1 GHz (OVRO),23100000000.0,milliJy
195,4.755 GHz (GBT),4760000000.0,milliJy
196,HI (21 cm line),1420000000.0,m_21 mag
197,i (SDSS) AB,391000000000000.0,mag
198,i (HST/F775W) AB,386000000000000.0,mag
199,G (Gaia),452000000000000.0,mag
200,94 GHz (WMAP),94000000000.0,Jy
201,89600 MHz,89600000000.0,Jy
202,61 GHz (WMAP),61000000000.0,Jy
203,43 GHz (KVN),42400000000.0,Jy
204,41 GHz (WMAP),41000000000.0,Jy
205,37 GHz,36800000000.0,Jy
206,31400 MHz,31400000000.0,Jy
207,30 GHz (Torun),30000000000.0,Jy
208,22 GHz,22200000000.0,Jy
209,22 GHz (KVN),21700000000.0,Jy
210,4900 MHz,4900000000.0,Jy
211,5 GHz (VLA),4890000000.0,milliJy
212,4830 MHz (NRAO),4830000000.0,milliJy
213,966 MHz,966000000.0,Jy
214,0.35-8 keV (Chandra),1.01e+18,erg/s/cm^2^
215,0.2-2 keV (ROSAT),3.15e+17,erg/s/cm^2^
216,r (SDSS),479000000000000.0,mag
217,15.2 GHz (RT),15200000000.0,Jy
218,151 MHz (6C),152000000.0,Jy
219,g' (INT),619000000000000.0,mag
220,r' (INT),480000000000000.0,mag
221,i' (INT),387000000000000.0,mag
222,2380 MHz,2380000000.0,milliJy
223,4775 MHz (NRAO),4780000000.0,milliJy
224,6.4 keV Fe K{alpha},1.55e+18,ergs cm^-2^ s^-1^
225,0.5-10 keV (ASCA),1.21e+18,ergs cm^-2^ s^-1^
226,W1 (WISE),88200000000000.0,mag
227,W2 (WISE),65200000000000.0,mag
228,4.8 microns (ISO),61700000000000.0,milliJy
229,20 microns (ISO),14200000000000.0,milliJy
230,540.90 MHz (GBT),541000000.0,Jy
231,86 MHz,86000000.0,Jy
232,60 MHz,60000000.0,Jy
233,26.3 MHz,26300000.0,Jy
234,25.0 MHz,25000000.0,Jy
235,22.25 MHz,22200000.0,Jy
236,20.0 MHz,20000000.0,Jy
237,16.7 MHz,16700000.0,Jy
238,10 MHz,10000000.0,Jy
239,[Ne V] 3426 (SSO),875000000000000.0,erg s^-1^ cm^-2^
240,[Ne III] 3869 (SSO),775000000000000.0,erg s^-1^ cm^-2^
241,[O III] 4363 (SSO),687000000000000.0,erg s^-1^ cm^-2^
242,He II 4686 (SSO),640000000000000.0,erg s^-1^ cm^-2^
243,[O III] 4959 (SSO),605000000000000.0,erg s^-1^ cm^-2^
244,[N II] 6548 (SSO),458000000000000.0,erg s^-1^ cm^-2^
245,PAH 6.22 (IRS),48200000000000.0,W/cm^2^
246,[Ne VI] 7.7 (IRS),39200000000000.0,W/cm^2^
247,H_2 S(4) 8.0 (IRS),37300000000000.0,W/cm^2^
248,[Ar III] 8.9 (IRS),33300000000000.0,W/cm^2^
249,H{alpha} 12.4 (IRS),24200000000000.0,W/cm^2^
250,PAH 12.7 (IRS),23600000000000.0,W/cm^2^
251,[Ne V] 14.3 (IRS),21000000000000.0,W/cm^2^
252,[Ne III] 15.6 (IRS),19200000000000.0,W/cm^2^
253,[Fe II] 17.9 (IRS),16700000000000.0,W/cm^2^
254,[Fe II] 25.9 (IRS),11500000000000.0,W/cm^2^
255,HNC (J=4-3) (ALMA),363000000000.0,Jy km/s
256,HCO+ (J=4-3) (ALMA),357000000000.0,Jy km/s
257,HCN (J=4-3) (ALMA),355000000000.0,Jy km/s
258,8.6 GHz (ATCA),8600000000.0,milliJy
259,4.8 GHz (ATCA),4800000000.0,milliJy
260,2.5 GHz (ATCA),2500000000.0,milliJy
261,843 MHz (SUMSS),843000000.0,milliJy
262,350 GHz (SCUBA),350000000000.0,milliJy
263,CO(3-2) (OVRO),346000000000.0,Jy km/s
264,[Fe II] 4570 (SDSS),631000000000000.0,erg/s/cm^2^
265,[O III] doublet SDSS,602000000000000.0,erg/s/cm^2^
266,[Fe II] 4570 (SDSS),656000000000000.0,log(erg/s/cm^2^)
267,450 microns (SCUBA),666000000000.0,milliJy
268,850 microns (SCUBA),353000000000.0,milliJy
269,20-100 keV INTEGRAL,1.45e+19,erg/s/cm^2^
270,5100 A,588000000000000.0,erg/s/cm^2^/A
271,100-150 keV INTEGRAL,3.02e+19,erg/cm^2^/s
272,40-100 keV INTEGRAL,1.69e+19,milliCrab
273,20-40 keV (INTEGRAL),7.25e+18,erg/s/cm^2^
274,168.3 MHz (MWA),168000000.0,Jy
275,B (ESO),658000000000000.0,mag
276,V (ESO),561000000000000.0,mag
277,R (VLT),462000000000000.0,mag
278,1.476 GHz (ATCA),1480000000.0,milliJy
279,15-150 keV (Swift),1.99e+19,erg/cm^2^/s
280,B (ESO-MPI),657000000000000.0,mag
281,V (ESO-MPI),556000000000000.0,mag
282,R_c (ESO-MPI),460000000000000.0,mag
283,r (DECam) AB,472000000000000.0,mag
284,z (DECam) AB,324000000000000.0,mag
285,Y (DECam) AB,297000000000000.0,mag
286,J (VISTA),239000000000000.0,mag
287,K_s (VISTA),140000000000000.0,mag
288,0.1-2.4 keV (ROSAT),3.25e+17,ergs sec^-1^ cm^-2^
289,8.64 GHz (ATCA),8640000000.0,milliJy
290,1.485 GHz (ATCA),1490000000.0,milliJy
291,F160W (HST),187000000000000.0,log(erg/s/cm^2^/Hz)
292,22 GHz (VLA),22400000000.0,milliJy
293,0.2-4.5 keV (XMM),5.68e+17,erg/cm^2^/s
294,0.3-10 keV (Swift),1.25e+18,W/m^2^
295,0.3-7 keV (Chandra),8.83e+17,ergs/s/cm^2^
296,C IV 1549 (HST),1940000000000000.0,ergs/s/cm^2^
297,Fe II + Pa{epsilon},314000000000000.0,W/m^2^
298,Fe II (NTT),300000000000000.0,W/m^2^
299,Pa{delta} (NTT),298000000000000.0,W/m^2^
300,Fe II (NTT),285000000000000.0,W/m^2^
301,He I (NTT),277000000000000.0,W/m^2^
302,Pa{gamma} (NTT),274000000000000.0,W/m^2^
303,Fe II (NTT),269000000000000.0,W/m^2^
304,O I (NTT),266000000000000.0,W/m^2^
305,O III (NTT),223000000000000.0,W/m^2^
306,Pa{alpha} (NTT),160000000000000.0,W/m^2^
307,He I (NTT),158000000000000.0,W/m^2^
308,Mg II (NTT),142000000000000.0,W/m^2^
309,V (KPNO),558000000000000.0,mag
310,B (KPNO),688000000000000.0,mag
311,B (Harris),684000000000000.0,mag
312,V (Harris),557000000000000.0,mag
313,J (IIIa-J + W4),594000000000000.0,mag
314,F (098 + RG610),461000000000000.0,mag
315,u (SDSS) AB,843000000000000.0,mag
316,g (SDSS) AB,621000000000000.0,mag
317,z (SDSS) AB,330000000000000.0,mag
318,a (BATC),889000000000000.0,mag
319,c (BATC),713000000000000.0,mag
320,d (BATC),659000000000000.0,mag
321,e (BATC),615000000000000.0,mag
322,f (BATC),571000000000000.0,mag
323,g (BATC),518000000000000.0,mag
324,h (BATC),494000000000000.0,mag
325,i (BATC),447000000000000.0,mag
326,k (BATC),398000000000000.0,mag
327,m (BATC),374000000000000.0,mag
328,n (BATC),352000000000000.0,mag
329,o (BATC),327000000000000.0,mag
330,p (BATC),308000000000000.0,mag
331,b (BATC),770000000000000.0,mag
332,F475W (HST),630000000000000.0,mag
333,B (HST) (Vega),694000000000000.0,mag
334,V (HST) (Vega),551000000000000.0,mag
335,I (HST) (Vega),372000000000000.0,mag
336,W1 (WISE),89500000000000.0,mag
337,0.1-100 GeV (Fermi),1.21e+25,erg/cm^2^/s
338,1482A (IUE),2020000000000000.0,ergs cm^-2 s^-1 A^-1
339,1913A (IUE),1570000000000000.0,ergs cm^-2 s^-1 A^-1
340,2373A (IUE),1260000000000000.0,ergs cm^-2 s^-1 A^-1
341,2700A (IUE),1110000000000000.0,ergs cm^-2 s^-1 A^-1
342,H{alpha}+[NII],456000000000000.0,log(ergs/cm^2^/s)
343,I (Johnson),333000000000000.0,mag
344,J (Johnson),242000000000000.0,mag
345,L (Johnson),84700000000000.0,mag
346,5 microns,62500000000000.0,Jy
347,23.7 microns (MIPS),12600000000000.0,Jy
348,FIR (IRAS),3630000000000.0,W m^-2^
349,0.2-1 keV (XMM),1.45e+17,ergs/s/cm^2^
350,14-195 keV (Swift),2.53e+19,erg/s/cm^2^
351,14-150 keV (Swift),1.98e+19,erg/cm^2^/s
352,15-55 keV (Swift),8.46e+18,erg/cm^2^/s
353,SIV (VLT),28600000000000.0,milliJy
354,PAH2 (VLT),26600000000000.0,milliJy
355,2.0-4.0 keV Chandra,7.25e+17,erg/cm^2^/s
356,0.35-1.0 keV Chandra,1.63e+17,erg/cm^2^/s
357,CCD grism r_4,450000000000000.0,mag
358,0.3-3 keV (XMM),3.99e+17,ergs s^-1^ cm^-2^
359,1.5 GHz (VLA),1500000000.0,milliJy
360,8.48 GHz,8480000000.0,milliJy
361,4.99 GHz (VLBA),4990000000.0,milliJy
362,0.3-2 keV (XMM),2.78e+17,erg/cm^2^/s
363,I (Gunn),366000000000000.0,mag
364,3-10 keV (XMM),1.57e+18,erg/cm^2^/s
365,17-60 keV (INTEGRAL),9.31e+18,erg s^-1^ cm^-2^
366,0.7-7 keV (ASCA),9.31e+17,ergs/s/cm^2^
367,0.7-2 keV (ASCA),3.26e+17,ergs/s/cm^2^
368,u (KPNO),853000000000000.0,mag
369,U (WIYN),822000000000000.0,mag
370,[Ne III] 3968,756000000000000.0,erg/cm^2^/s
371,B (WIYN),701000000000000.0,mag
372,V (WIYN),555000000000000.0,mag
373,i (KPNO),388000000000000.0,mag
374,I (WIYN),360000000000000.0,mag
375,[S III] 0.907 (WHT),331000000000000.0,erg/cm^2^/s
376,z (KPNO),319000000000000.0,mag
377,[C I] 0.982 (WHT),305000000000000.0,erg/cm^2^/s
378,[C I] 0.985 (WHT),304000000000000.0,erg/cm^2^/s
379,[S VIII] 0.991 (WHT),303000000000000.0,erg/cm^2^/s
380,He II 1.012 (WHT),296000000000000.0,erg/cm^2^/s
381,[S II] 1.032 (WHT),290000000000000.0,erg/cm^2^/s
382,[P II] 1.147 (WHT),261000000000000.0,erg/cm^2^/s
383,He II 1.163 (WHT),258000000000000.0,erg/cm^2^/s
384,[P II] 1.188 (WHT),252000000000000.0,erg/cm^2^/s
385,F_J (total),241000000000000.0,log milliJy
386,O I 1.317 (WHT),228000000000000.0,erg/cm^2^/s
387,[Fe II] 1.321 (WHT),227000000000000.0,erg/cm^2^/s
388,[Fe II] 1.533 (WHT),196000000000000.0,erg/cm^2^/s
389,[Fe II] 1.679 (WHT),179000000000000.0,erg/cm^2^/s
390,H_2 1-0S(7) 1.747,172000000000000.0,erg/cm^2^/s
391,Br{delta} 1.944 WHT,154000000000000.0,erg/cm^2^/s
392,H_2 1-0S(2) 2.032,148000000000000.0,erg/cm^2^/s
393,[Ca VIII] 2.322 WHT,129000000000000.0,erg/cm^2^/s
394,3.45 microns,86900000000000.0,Jy
395,3.5 microns,85700000000000.0,mag
396,3.6 microns,83300000000000.0,Jy
397,60 microns (ISO),4930000000000.0,Jy
398,65 microns (ISO),4450000000000.0,Jy
399,80 microns (ISO),3740000000000.0,Jy
400,90 microns (ISO),3150000000000.0,Jy
401,100 microns (ISO),2900000000000.0,Jy
402,11 cm (NRAO),2700000000000.0,milliJy
403,3.2 mm,93000000000.0,Jy
404,43 GHz (VLBA),43000000000.0,Jy
405,9.5 mm (NRAO),31600000000.0,flux units
406,24 GHz (VLBA),24000000000.0,Jy
407,15 GHz (OVRO),15000000000.0,Jy
408,10.63 GHz (ARO),10600000000.0,milliJy
409,8.1 GHz,8100000000.0,milliJy
410,3.7 cm (NRAO),8080000000.0,milliJy
411,111 MHZ (LPA),111000000.0,Jy
412,F547M (HST),547000000000000.0,mag
413,[Ne V] 14 microns,21400000000000.0,W/cm^2^
414,[Ne V] 24 microns,12500000000000.0,W/cm^2^
415,347 GHz (SCUBA),347000000000.0,milliJy
416,96 GHz (NMA),95700000000.0,milliJy
417,H_2 S(7) line (IRS),54400000000000.0,W cm^-2^
418,I (HST),368000000000000.0,mag
419,I (Kitt Peak),365000000000000.0,mag
420,2-4.5 keV (XMM),7.86e+17,erg/cm^2^/s
421,4 keV (Einstein),9.67e+17,microJy
422,0.3-3.5 keV Einstein,4.59e+17,erg cm^-2^ s^-1^
423,1 keV (Einstein),2.42e+17,microJy
424,0.2 keV (Einstein),4.84e+16,microJy
425,V (HST/WFPC2),545000000000000.0,mag
426,R Johnson (FLWO),433000000000000.0,mag
427,I Johnson (FLWO),341000000000000.0,mag
428,N,29700000000000.0,mag
429,11.85 microns (VLT),25300000000000.0,milliJy
430,23 GHz (WMAP),23000000000.0,milliJy
431,8000 MHz,8000000000.0,Jy
432,0.2-4 keV (EINSTEIN),5.25e+17,ergs sec^-1^ cm^-2^
433,FUV (GALEX) AB,1920000000000000.0,mag
434,F555W (HST),546000000000000.0,mag
435,11.5 microns (GTC),26100000000000.0,milliJy
436,1 mm (IRAM 30m),300000000000.0,milliJy
437,229 GHz (IRAM),229000000000.0,Jy
438,3 mm (IRAM 30m),99900000000.0,milliJy
439,86 GHz (IRAM),86200000000.0,Jy
440,33 GHz (VSA),33000000000.0,Jy
441,16.1 GHz (AMI),16100000000.0,Jy
442,8 GHz (GBI),8300000000.0,Jy
443,4750 MHz (Effelsbg),4750000000.0,milliJy
444,2 GHz (GBI),2250000000.0,Jy
445,609 MHz (WSRT),609000000.0,milliJy
446,326 MHz (WSRT),326000000.0,milliJy
447,606 MHz,606000000.0,Jy
448,6909 A (Keck I),434000000000000.0,erg/cm^2^/A/s
449,6888 A (Keck I),435000000000000.0,erg/cm^2^/A/s
450,2 GHz (ATCA),2000000000.0,milliJy
451,7.9 microns Spitzer,37900000000000.0,milliJy
452,18.3 microns GeminiS,16400000000000.0,milliJy
453,[O III] 51.81 (PACS),5790000000000.0,W/m^2^
454,[N III] 57.32 (PACS),5230000000000.0,W/m^2^
455,[N II] 121.90 (PACS),2460000000000.0,W/m^2^
456,1.25 mm (SEST),240000000000.0,milliJy
457,g (SDSS) AB,628000000000000.0,mag
458,250 GHz (MAMBO),250000000000.0,milliJy
459,0.2-10 keV (XMM),1.23e+18,erg/cm^2^/s
460,0.15-3.5 keV (IPC),4.42e+17,erg cm^-2^ s^-1^
461,3 mm (VLBI),100000000000.0,Jy
462,86 GHz (VLBI),86000000000.0,Jy
463,37 GHz (MRO),37000000000.0,Jy
464,15 GHz (VLBA),15400000000.0,Jy
465,15064 MHz,15100000000.0,Jy
466,11.2 GHz (RATAN),11200000000.0,Jy
467,7.7 GHz (RATAN),7700000000.0,Jy
468,6.7 GHz (WARK30M),6700000000.0,Jy
469,4885 MHz,4880000000.0,Jy
470,4585 MHz,4580000000.0,Jy
471,2.3 GHz (RATAN),2300000000.0,Jy
472,1379 MHz,1380000000.0,Jy
473,968 MHz,968000000.0,Jy
474,430 MHz,430000000.0,Jy
475,151 MHz (VLBI),151000000.0,Jy
476,L (UKIRT),87000000000000.0,mag
477,7 microns (IRS),42800000000000.0,milliJy
478,N11.7 (Subaru),25500000000000.0,milliJy
479,108.746 GHz (CARMA),109000000000.0,milliJy
480,14.7 MHz,14700000.0,Jy
481,12.6 MHz,12600000.0,Jy
482,F330W (HST/ACS),908000000000000.0,ergs/cm^2^/s/A
483,170 microns (ISO),1760000000000.0,Jy
484,0.35-1.55 keV (XMM),2.29e+17,erg/cm^2^/s
485,O VII 22.1 A (XMM),1.36e+17,erg/cm^2^/s
486,I (Cousins) (I_23.5),380000000000000.0,mag
487,N (GeminiS),28900000000000.0,milliJy
488,19 microns (IRS),15800000000000.0,Jy
489,19.5 microns (IRS),15400000000000.0,Jy
490,[Ne V] 3346,896000000000000.0,erg/cm^2^/s
491,2.2 GHz (VLBA),2200000000.0,Jy
492,2 mm (PdBI),150000000000.0,Jy
493,143 GHz (Planck),143000000000.0,Jy
494,70 GHz (Planck),70000000000.0,Jy
495,44 GHz (Planck),44000000000.0,Jy
496,J (CIT),236000000000000.0,mag
497,K (CIT),134000000000000.0,mag
498,10.45 GHz Effelsberg,10500000000.0,milliJy
499,8.35 GHz Effelsberg,8350000000.0,milliJy
500,2.64 GHz Effelsberg,2640000000.0,milliJy
501,0.2-0.5 keV (XMM),8.46e+16,erg/cm^2^/s
502,u* (CFHT),801000000000000.0,mag
503,z' (CFHT),256000000000000.0,mag
504,0.35-2.0 keV (XMM),2.84e+17,erg/cm^2^/s
505,0.2-2.0 keV (XMM),2.66e+17,erg/cm^2^/s
506,U (KPNO),837000000000000.0,mag
507,R (KPNO),466000000000000.0,mag
508,2460 A (OAO),1220000000000000.0,mag
509,UV_3150 (m_T),952000000000000.0,mag
510,3320 A (OAO),903000000000000.0,mag
511,4250 A (OAO),705000000000000.0,mag
512,J (KPNO),244000000000000.0,mag
513,H (KPNO),181000000000000.0,mag
514,160 microns Herschel,1870000000000.0,Jy
515,3.6 cm (Effelsberg),8330000000.0,milliJy
516,1425 MHz (VLA),1430000000.0,milliJy
517,H (APO),183000000000000.0,mag
518,0.2-10 keV (Chandra),2.37e+18,ergs cm^-2^ s^-1^
519,1350 A (HST/FOS),2220000000000000.0,erg/cm^2^/s/A
520,0.1-10 GeV (Fermi),1.22e+24,erg/cm^2^/s
521,log nu(Hz) 14.95,891000000000000.0,log f_nu (milliJy)
522,log nu(Hz) 14.90,794000000000000.0,log f_nu (milliJy)
523,log nu(Hz) 14.85,708000000000000.0,log f_nu (milliJy)
524,log nu(Hz) 14.75,562000000000000.0,log f_nu (milliJy)
525,log nu(Hz) 14.70,501000000000000.0,log f_nu (milliJy)
526,log nu(Hz) 14.55,355000000000000.0,log f_nu (milliJy)
527,log nu(Hz) 14.50,316000000000000.0,log f_nu (milliJy)
528,log nu(Hz) 14.45,282000000000000.0,log f_nu (milliJy)
529,1.1 microns (NICMOS),272000000000000.0,mag
530,1.6 microns (NICMOS),188000000000000.0,mag
531,log nu(Hz) 13.934,85900000000000.0,log f_nu (milliJy)
532,log nu(Hz) 13.48,30200000000000.0,log f_nu (milliJy)
533,1.2 mm (IRAM),241000000000.0,milliJy
534,1300 microns,231000000000.0,milliJy
535,3.5 mm (IRAM),84200000000.0,milliJy
536,1.65 GHz (MERLIN),1650000000.0,Jy
537,610 MHz (GMRT),610000000.0,Jy
538,325 MHz (GMRT),325000000.0,Jy
539,235 MHz (GMRT),235000000.0,Jy
540,32.5 GHz (EVLA),32500000000.0,milliJy
541,5.95 GHz (EVLA),5950000000.0,milliJy
542,0.5-2 keV (ROSAT),2.9e+17,erg cm^-2^ s^-1^
543,0.1-2 keV (ROSAT),2.54e+17,erg cm^-2^ s^-1^
544,[Fe VII] 6087 Subaru,493000000000000.0,ergs/s/cm^2^
545,[O I] 6364 Subaru,471000000000000.0,ergs/s/cm^2^
546,[Fe X] 6374 Subaru,470000000000000.0,ergs/s/cm^2^
547,[Ar III] 7136 Subaru,420000000000000.0,ergs/s/cm^2^
548,[O II] 7320 Subaru,410000000000000.0,ergs/s/cm^2^
549,[O II] 7330 Subaru,409000000000000.0,ergs/s/cm^2^
550,O I + He I 0.962 WHT,312000000000000.0,ergs/cm^2^/s
551,F110W (HST),268000000000000.0,milliJy
552,Ne II 1.287 (WHT),233000000000000.0,ergs/cm^2^/s
553,Ne I 1.292 (WHT),232000000000000.0,ergs/cm^2^/s
554,[Si X] 1.430 (WHT),210000000000000.0,erg/cm^2^/s
555,[S XI] 1.920 (WHT),156000000000000.0,erg/cm^2^/s
556,63 microns (ISO),4760000000000.0,Jy
557,88 microns (ISO),3410000000000.0,Jy
558,145 microns (ISO),2070000000000.0,Jy
559,20.0 GHz (OVRO),20000000000.0,milliJy
560,1.46 GHz (VLA),1460000000.0,milliJy
561,F555W (HST),554000000000000.0,mag
562,F814W (HST),378000000000000.0,mag
563,F814W (HST),369000000000000.0,mag
564,3.3 microns (Subaru),91100000000000.0,erg s^-1^ cm^-2^
565,7.3 microns (ISO),40300000000000.0,milliJy
566,11.7 microns Subaru,25600000000000.0,milliJy
567,12.0 microns (ISO),25200000000000.0,milliJy
568,H_2O (3_13-2_20) VLA,183000000000.0,milliJy
569,40 GHz (FCRAO),40000000000.0,milliJy
570,1.45 GHz (VLA),1450000000.0,milliJy
571,NUV (GALEX) AB,1330000000000000.0,mag
572,F606W (HST) AB,508000000000000.0,mag
573,W1 (WISE),89300000000000.0,Jy
574,W3 (WISE),25400000000000.0,Jy
575,W4 (WISE),13500000000000.0,Jy
576,15-50 keV (Suzaku),7.86e+18,log(erg/s/cm^2^)
577,J7.9 (VLT),38600000000000.0,milliJy
578,B9.7 (VLT),30500000000000.0,milliJy
579,B10.7 (VLT),28100000000000.0,milliJy
580,B11.7 (VLT),26000000000000.0,milliJy
581,B12.4 (VLT),24000000000000.0,milliJy
582,UVW2 (Swift/UVOT),1480000000000000.0,milliJy
583,UVM2 (Swift-UVOT),1340000000000000.0,milliJy
584,UVW1 (Swift-UVOT),1140000000000000.0,milliJy
585,0.01-1 TeV (Fermi),1.22e+26,erg/cm^2^/s
586,EGRET (0.1-5 GeV),6.17e+23,Jy
587,F814W (HST),370000000000000.0,nanoJy
588,148 GHz (ACT),148000000000.0,milliJy
589,20.1 GHz (ATCA),20100000000.0,milliJy
590,0.2-12 keV (XMM),1.47e+18,erg s^-1^ cm^-2^
591,240 MHz (GMRT),240000000.0,milliJy
592,8 GHz (VLA),8440000000.0,milliJy
593,U (ESO/WFI) AB,881000000000000.0,mag
594,u* (CFHT/Megacam) AB,790000000000000.0,mag
595,B (CFHT/CFH12K) AB,696000000000000.0,mag
596,r' (CFHT/Megacam) AB,478000000000000.0,mag
597,i' (CFHT/Megacam) AB,394000000000000.0,mag
598,z' (CFHT/Megacam) AB,343000000000000.0,mag
599,B (Johnson),669000000000000.0,milliJy
600,R' (Cousins),448000000000000.0,milliJy
601,I' (Cousins),375000000000000.0,milliJy
602,L,83000000000000.0,mag
603,F814W (HST),359000000000000.0,mag
604,38 MHz (8C),37800000.0,Jy
605,F702W (HST/WFPC2),437000000000000.0,mag
606,L' (UKIRT/IRCAM3),79600000000000.0,mag
607,0.1-10 keV (Chandra),1.22e+18,erg/s/cm^2^
608,O VIII K{alpha},1.58e+17,erg/s/cm^2^
609,1000 A (FUSE),3000000000000000.0,ergs/cm^2^/s/A
610,1030 A (FUSE),2910000000000000.0,erg/cm^2^/s/A
611,J (OAN-SPM),235000000000000.0,mag
612,42.00 GHz Effelsberg,42000000000.0,Jy
613,22 GHz (VLBI),22300000000.0,Jy
614,15300 MHz,15300000000.0,Jy
615,14.60 GHz Effelsberg,14600000000.0,Jy
616,50 GeV-2 TeV (Fermi),2.48e+26,erg/cm^2^/s
617,0.4-10 keV (XMM),1.26e+18,erg cm^-2^ s^-1^
618,B (Mt. Lemmon),702000000000000.0,milliJy
619,V (Mt. Lemmon),548000000000000.0,milliJy
620,F28x50LP (STIS),415000000000000.0,mag
621,K (Mt. Lemmon),131000000000000.0,milliJy
622,375 GHz,375000000000.0,Jy
623,270 GHz,270000000000.0,Jy
624,234.1 GHz (GBT),234000000000.0,Jy
625,226 GHz (NRAO),226000000000.0,Jy
626,151.3 GHz (GBT),151000000000.0,Jy
627,96.4 GHz (GBT),96400000000.0,Jy
628,87.3 GHz (FCRAO),87300000000.0,Jy
629,75.6 GHz (GBT),75600000000.0,Jy
630,14.5 GHz (UMRAO),14500000000.0,Jy
631,14 GHz,14000000000.0,Jy
632,6.65 GHz (Ceduna),6650000000.0,Jy
633,10-20 keV (MAXI),3.63e+18,erg/cm^2^/s
634,4-10 keV (MAXI),1.69e+18,erg/cm^2^/s
635,3-4 keV (MAXI),8.46e+17,erg/cm^2^/s
636,0.2-8 keV (Chandra),9.91e+17,erg/s/cm^2^
637,L' (KPNO),82100000000000.0,Jy
638,L (ESO/SPM),79500000000000.0,milliJy
639,L' (AAO),78900000000000.0,mag
640,4.5 microns (ISO),66600000000000.0,milliJy
641,6.7 microns (ISO),44700000000000.0,milliJy
642,Si2 (Gemini),34500000000000.0,milliJy
643,Si2 (GeminiS),34300000000000.0,milliJy
644,10.2 microns,29400000000000.0,Jy
645,Qa (Gemini),16600000000000.0,milliJy
646,20.4 microns,14700000000000.0,Jy
647,3.5 mm (NRAO),85700000000.0,Jy
648,R (Cousins) (ESO),440000000000000.0,mag
649,17-80 keV (INTEGRAL),1.17e+19,erg/cm^2^/s
650,3.5-15 keV (XMM),2.24e+18,erg cm^-2^ s^-1^
651,NUV (GALEX) AB,1310000000000000.0,mag
652,3390A,885000000000000.0,10^-26 erg/cm^2/s/Hz
653,3448A,870000000000000.0,10^-26 erg/cm^2/s/Hz
654,3509A,855000000000000.0,10^-26 erg/cm^2/s/Hz
655,3571A,840000000000000.0,10^-26 erg/cm^2/s/Hz
656,3636A,825000000000000.0,10^-26 erg/cm^2/s/Hz
657,3704A,810000000000000.0,10^-26 erg/cm^2/s/Hz
658,3862A,777000000000000.0,10^-26 erg/cm^2/s/Hz
659,4032A,744000000000000.0,10^-26 erg/cm^2/s/Hz
660,4167A,720000000000000.0,10^-26 erg/cm^2/s/Hz
661,4350A,690000000000000.0,10^-26 erg/cm^2/s/Hz
662,4464A,672000000000000.0,10^-26 erg/cm^2/s/Hz
663,4900A,612000000000000.0,10^-26 erg/cm^2/s/Hz
664,4950A,606000000000000.0,10^-26 erg/cm^2/s/Hz
665,5000A,600000000000000.0,10^-26 erg/cm^2/s/Hz
666,5263A,570000000000000.0,10^-26 erg/cm^2/s/Hz
667,5556A,540000000000000.0,10^-26 erg/cm^2/s/Hz
668,5840A,514000000000000.0,10^-26 erg/cm^2/s/Hz
669,6055A,495000000000000.0,10^-26 erg/cm^2/s/Hz
670,r (SDSS) AB,486000000000000.0,mag
671,6540A,459000000000000.0,10^-26 erg/cm^2/s/Hz
672,6620A,453000000000000.0,10^-26 erg/cm^2/s/Hz
673,6800A,441000000000000.0,10^-26 erg/cm^2/s/Hz
674,7100A,423000000000000.0,10^-26 erg/cm^2/s/Hz
675,i (SDSS) AB,401000000000000.0,mag
676,7850A,382000000000000.0,10^-26 erg/cm^2/s/Hz
677,8080A,371000000000000.0,10^-26 erg/cm^2/s/Hz
678,8400A,357000000000000.0,10^-26 erg/cm^2/s/Hz
679,z (SDSS) AB,336000000000000.0,mag
680,J (VLT),230000000000000.0,Jy
681,H' (Johnson),193000000000000.0,mag
682,H (Johnson),185000000000000.0,mag
683,[Si VII] line,121000000000000.0,ergs cm^-2^ s^-1^
684,[Al VI] (UKIRT),81900000000000.0,W/m^2^
685,H I 8-5 (UKIRT),80100000000000.0,W/m^2^
686,L (VLT),79000000000000.0,Jy
687,[Si IX] (UKIRT),76200000000000.0,W/m^2^
688,M (VLT),67000000000000.0,Jy
689,[Ar VI] (UKIRT),66200000000000.0,W/m^2^
690,[Na VII] (UKIRT),64000000000000.0,W/m^2^
691,M' (VLT/NACO),62700000000000.0,mag
692,5.0 microns,60000000000000.0,Jy
693,6.8 microns (ISOCAM),44100000000000.0,milliJy
694,10.4 microns TIMMI2,28800000000000.0,Jy
695,NEII_2 (VLT),23000000000000.0,milliJy
696,14.9 microns ISOCAM,20100000000000.0,milliJy
697,Q1 (VLT),17000000000000.0,milliJy
698,21 microns,14300000000000.0,Jy
699,[Ne II] 36.0 (IRS),8330000000000.0,W/cm^2^
700,[O III](52) (ISO),5770000000000.0,W m^-2^
701,134 microns,2240000000000.0,Jy
702,390 microns,769000000000.0,Jy
703,540 microns,555000000000.0,Jy
704,810 microns (SMA),370000000000.0,milliJy
705,HCO^+^(3-2) (SMA),268000000000.0,Jy km/s
706,HCN(3-2) (SMA),266000000000.0,Jy km/s
707,^13^CO(2-1) (SMA),220000000000.0,Jy km/s
708,1.4 mm (SMA),214000000000.0,milliJy
709,^13^CO(1-0) (PdBI),110000000000.0,Jy km/s
710,HCO+ (1-0) (IRAM),89200000000.0,Jy km/s
711,HCN (1-0) (IRAM),88600000000.0,Jy km/s
712,31 GHz (OVRO),31000000000.0,milliJy
713,25.1 GHz (GBT),25100000000.0,Jy
714,23.4 GHz (GBT),23400000000.0,Jy
715,57.5 MHz,57500000.0,Jy
716,4 MHz (VLSSr),74000000.0,milliJy
717,105.4 GHz (GBT),105000000000.0,Jy
718,82.7 GHz (GBT),82700000000.0,Jy
719,77 GHz (MRT),77000000000.0,Jy
720,4.985 GHz (VLA),4980000000.0,Jy
721,4.535 GHz (VLA),4540000000.0,Jy
722,1.66 GHz (VLA),1660000000.0,milliJy
723,1349.8 MHz (VLA),1350000000.0,milliJy
724,1.335 GHz (VLA),1340000000.0,Jy
725,0.333 GHz (VLA),333000000.0,Jy
726,0.302 GHz (VLA),302000000.0,Jy
727,43 GHz (VLBA),43100000000.0,milliJy
728,B (OHP),714000000000000.0,mag
729,He I 2.060 (WHT),146000000000000.0,erg/cm^2^/s
730,[Ar III] 8.9 Spitzer,33700000000000.0,W/m^2^
731,10.7 microns Spitzer,28000000000000.0,W/m^2^
732,[S III] 33.4 Spitzer,8980000000000.0,W/m^2^
733,0.5-5 keV (Chandra),6.65e+17,erg cm^-2^ s^-1^
734,UV_1650 (m_T),1820000000000000.0,mag
735,B,666000000000000.0,Jy
736,R,454000000000000.0,Jy
737,B (VLT),699000000000000.0,mag
738,F435W (HST),692000000000000.0,mag
739,F450W (HST),663000000000000.0,mag
740,V (VLT),541000000000000.0,mag
741,F814W (HST),361000000000000.0,mag
742,400 GeV (Whipple),9.67e+25,erg cm^-2^ s^-1^
743,6650A,451000000000000.0,10^-26 erg/cm^2/s/Hz
744,6776A,443000000000000.0,10^-26 erg/cm^2/s/Hz
745,3.6 microns IRAC AB,84600000000000.0,mag
746,4.5 microns IRAC AB,66800000000000.0,mag
747,5.8 microns IRAC AB,52500000000000.0,mag
748,8.0 microns IRAC AB,38200000000000.0,mag
749,Si-2 (GeminiN),34100000000000.0,milliJy
750,9.6 microns (ISOCAM),31200000000000.0,milliJy
751,22.5 microns,13300000000000.0,Jy
752,24 microns MIPS AB,12800000000000.0,mag
753,57 microns (ISO),5260000000000.0,Jy
754,200 microns (ISO),1500000000000.0,Jy
755,1100 microns,273000000000.0,Jy
756,U,821000000000000.0,photons/m^2^/s/nm
757,U (CTIO),818000000000000.0,mag
758,418 nm,717000000000000.0,photons/m^2^/s/nm
759,B,655000000000000.0,photons/m^2^/s/nm
760,462 nm,649000000000000.0,photons/m^2^/s/nm
761,G (CTIO),629000000000000.0,mag
762,519 nm,578000000000000.0,photons/m^2^/s/nm
763,572 nm,524000000000000.0,photons/m^2^/s/nm
764,605 nm,496000000000000.0,photons/m^2^/s/nm
765,R (total),463000000000000.0,mag
766,696 nm,431000000000000.0,photons/m^2^/s/nm
767,816 nm,367000000000000.0,photons/m^2^/s/nm
768,857 nm,350000000000000.0,photons/m^2^/s/nm
769,914 nm,328000000000000.0,photons/m^2^/s/nm
770,5.5 GHz (ATCA),5500000000.0,microJy
771,r (SWIRE) AB,481000000000000.0,mag
772,F850LP (HST) AB,317000000000000.0,mag
773,I (CTIO),392000000000000.0,mag
774,UVW2 (XMM-OM) AB,1410000000000000.0,mag
775,UVM1 (XMM-OM) AB,1030000000000000.0,mag
776,U (XMM-OM) AB,871000000000000.0,mag
777,V (XMM-OM) AB,552000000000000.0,mag
778,Y (VISTA),294000000000000.0,mag
779,Ly{alpha} (VLT),2470000000000000.0,erg s^-1^ cm^-2^
780,He II 1640 (VLT),1830000000000000.0,erg s^-1^ cm^-2^
781,870 microns (LABOCA),345000000000.0,milliJy
782,19.19 mm (ALMA),15600000000.0,milliJy
783,U (ESO),820000000000000.0,microJy
784,F435W (HST),693000000000000.0,microJy
785,B (ESO),652000000000000.0,microJy
786,F606W (HST),503000000000000.0,microJy
787,I_c (ESO),346000000000000.0,microJy
788,F850LP (HST) AB,335000000000000.0,mag
789,F160W (HST) AB,195000000000000.0,mag
790,16 microns (IRS),19000000000000.0,microJy
791,F435W (HST/ACS) AB,698000000000000.0,mag
792,5010 A (CTIO),598000000000000.0,log(erg/cm^2^/s)
793,F606W (HST) AB,497000000000000.0,mag
794,F225W (HST) AB,1280000000000000.0,mag
795,F275W (HST) AB,1100000000000000.0,mag
796,F336W (HST) AB,892000000000000.0,mag
797,2-10 keV (XMM),4.5e+18,erg/cm^2^/s
798,F814W (HST),376000000000000.0,100 picoJy
799,F105W (HST),287000000000000.0,100 picoJy
800,0.86 mm (ALMA),349000000000.0,milliJy
801,U (HST/WFPC2) AB,1020000000000000.0,mag
802,O VI doublet (VLT),2900000000000000.0,erg/s/cm^2^
803,N V doublet (VLT),2420000000000000.0,erg/s/cm^2^
804,F160W (HST) AB,194000000000000.0,mag
805,870 microns (LABOCA),344000000000.0,milliJy
806,F300W (HST) AB,1000000000000000.0,mag
807,u (Keck) AB,882000000000000.0,mag
808,F160W (HST/NIC3) AB,186000000000000.0,mag
809,LW2 (ISOCAM),44400000000000.0,milliJy
810,11.4 microns,26300000000000.0,W cm^-2^ micron ^-1^
811,12.9 microns TIMMI2,24300000000000.0,milliJy
812,PAH 14.2 microns IRS,21100000000000.0,W cm^-2^
813,J (KPNO),237000000000000.0,mag
814,95 GHz (ATCA),95000000000.0,milliJy
815,I (VLT) AB,390000000000000.0,mag
816,R (Keck),467000000000000.0,mag
817,g' (CTIO),623000000000000.0,mag
818,7.6 cm (RATAN),3940000000.0,milliJy
819,F606W (HST),507000000000000.0,mag
820,24 GHz (ATCA),24100000000.0,milliJy
821,18 GHz (ATCA),17900000000.0,milliJy
822,111.914 GHz (CARMA),112000000000.0,milliJy
823,16 microns (Spitzer),18700000000000.0,milliJy
824,14-170 keV (Swift),2.22e+19,ergs/cm^2^/s
825,34 GHz (VSA),34000000000.0,milliJy
826,8 GHz (VLA),8260000000.0,milliJy
827,15-200 keV BeppoSAX,2.6e+19,erg/cm^2^/s
828,8.1 GHz (VLBA),8110000000.0,milliJy
829,0.3-2keV,4.79e+17,W m^-2
830,1450 A,2070000000000000.0,ergs/cm^2^/s/A
831,V (MAGNUM),683000000000000.0,milliJy
832,V,550000000000000.0,mag
833,B (MAGNUM),549000000000000.0,milliJy
834,I (MAGNUM),362000000000000.0,milliJy
835,M (KPNO),64500000000000.0,Jy
836,262 GHz (ESO),262000000000.0,Jy
837,610 MHz (GMRT),613000000.0,Jy
838,240 MHz (GMRT),242000000.0,Jy
839,B (NTT),712000000000000.0,mag
840,151.7 GHz (GBT),152000000000.0,Jy
841,113.8 GHz (GBT),114000000000.0,Jy
842,88.0 GHz (GBT),88000000000.0,Jy
843,43 GHz (VLBI),43200000000.0,Jy
844,37.9 GHz (GBT),37900000000.0,Jy
845,554.74 MHz (GBT),555000000.0,Jy
846,606.68 MHz (GMRT),607000000.0,Jy
847,2.4E+23 Hz (Fermi),2.4e+23,erg/cm^2^/s
848,18 GHz (ATCA),18000000000.0,Jy
849,580 MHz,580000000.0,Jy
850,15-136 keV BeppoSAX,1.83e+19,erg/s/cm^2^
851,15 microns (ISO),19800000000000.0,Jy
852,CO(6-5) (JCMT),691000000000.0,Jy km/s
853,8-24 keV (NuSTAR),3.87e+18,erg/s/cm^2^
854,3-24 keV (NuSTAR),3.26e+18,erg/s/cm^2^
855,3-8 keV (NuSTAR),1.33e+18,erg/s/cm^2^
856,3-20 keV (RXTE),2.78e+18,erg/cm^2^/s
857,0.6-6 keV Swift/XRT,7.98e+17,erg/cm^2^/s
858,UVW2 (Swift/UVOT),1470000000000000.0,ergs/cm^2^/s/A
859,327 MHz (VLBA),327000000.0,Jy
860,8888 MHz (VLBA),8890000000.0,milliJy
861,8562 MHz (VLBA),8560000000.0,milliJy
862,8238 MHz (VLBA),8240000000.0,milliJy
863,7904 MHz (VLBA),7900000000.0,milliJy
864,20-100 keV(INTEGRAL),1.93e+19,erg/s/cm^2^
865,Si-5 (GeminiN),25800000000000.0,milliJy
866,92 cm (WENSS),352000000.0,milliJy
867,32 GHz (MPIfR),32000000000.0,milliJy
868,8390 MHz,8390000000.0,Jy
869,2260 MHz,2260000000.0,Jy
870,8.434 GHz (VLA),8430000000.0,Jy
871,4.866 GHz (VLA),4870000000.0,Jy
872,4.816 GHz (VLA),4820000000.0,Jy
873,1.630 GHz (VLA),1630000000.0,Jy
874,0.608 GHz (WSRT),608000000.0,Jy
875,I (JKT),363000000000000.0,mag
876,94.4 GHz (GBT),94400000000.0,Jy
877,F110W (HST) AB,265000000000000.0,mag
878,1.67 GHz (VLBA),1670000000.0,milliJy
879,1.6 GHz (EVN),1600000000.0,milliJy
880,786 MHz (WSRT),786000000.0,Jy
881,320.2 MHz (GMRT),320000000.0,Jy
882,0.3-2.5 keV Chandra,3.39e+17,erg s^-1^ cm^-2^
883,g' (CFHT/MegaCam),616000000000000.0,mag
884,0.4-8 keV (Chandra),1.02e+18,ergs/cm^2^/s
885,u' (CFHT/MegaCam),799000000000000.0,mag
886,H{alpha} (AKARI),93400000000000.0,W/cm^2^
887,Pa{beta} (AKARI),47700000000000.0,W/cm^2^
888,Pa{beta) (Spitzer),47500000000000.0,W/cm^2^
889,Pa{alpha} (Spitzer),32500000000000.0,W/cm^2^
890,Pa{alpha} (AKARI),32200000000000.0,W/cm^2^
891,3.3 microns Spitzer,18500000000000.0,W/cm^2^
892,Br{alpha} (Spitzer),15100000000000.0,W/cm^2^
893,6.2 microns Spitzer,9850000000000.0,W/cm^2^
894,CO(12-11) (CSO),1380000000000.0,Jy km/s
895,CO(11-10) (CSO),1270000000000.0,Jy km/s
896,CO(10-9) (CSO),1150000000000.0,Jy km/s
897,CO(9-8) (CSO),1040000000000.0,Jy km/s
898,CO(8-7) (CSO),922000000000.0,Jy km/s
899,HNC(6-5) (CARMA),544000000000.0,Jy km/s
900,HCO+(6-5) (CARMA),535000000000.0,Jy km/s
901,HCN(6-5) (CARMA),532000000000.0,Jy km/s
902,[C I] P_1-P_0,492000000000.0,Jy km s^-1^
903,CO (4-3) (PdBI),461000000000.0,Jy km/s
904,CN (N=4-3) (PdBI),454000000000.0,Jy km s^-1^
905,HNC (J=5-4) (PdBI),453000000000.0,Jy km s^-1^
906,HCO+ (J=5-4) (IRAM),446000000000.0,Jy km s^-1^
907,HCN (5-4) (PdBI),443000000000.0,Jy km/s
908,302 GHz (SMA),302000000000.0,milliJy
909,245.905 GHz (IRAM),246000000000.0,milliJy
910,236.797 GHz (IRAM),237000000000.0,milliJy
911,201.166 GHz (IRAM),201000000000.0,milliJy
912,153.132 GHz (IRAM),153000000000.0,milliJy
913,113.4 GHz (IRAM),113000000000.0,milliJy
914,110.7 GHz (CARMA),111000000000.0,milliJy
915,90.8 GHz (IRAM),90800000000.0,milliJy
916,87.0 GHz (GBT),87000000000.0,Jy
917,CO(5-4) (PdBI),576000000000.0,Jy km/s
918,1287 MHz (GMRT),1290000000.0,milliJy
919,605 MHz (GMRT),605000000.0,milliJy
920,1280 A (AB),2340000000000000.0,mag
921,R (ESO/VLT),444000000000000.0,mag
922,r (Pan-STARRS1),487000000000000.0,mag
923,i (Pan-STARRS1),400000000000000.0,mag
924,Q,15600000000000.0,milliJy
925,H_2S (ALMA),369000000000.0,Jy km/s
926,84.04 GHz (NMA),84000000000.0,milliJy
927,20-30 keV (BeppoSAX),4.84e+18,erg/cm^2^/s
928,28.5 GHz (BIMA),28500000000.0,milliJy
929,100 GeV (HESS),2.42e+19,erg/cm^2^/s
930,0.5-2 keV (ROSAT),3.03e+17,erg/cm^2^/s
931,L'(UKIRT),78500000000000.0,mag
932,Q,14800000000000.0,mag
933,215 GHz (VLBI),215000000000.0,Jy
934,86 GHz (VLBI),86300000000.0,Jy
935,8.085 GHz (VLA),8090000000.0,milliJy
936,4.5 GHz (VLA),4500000000.0,milliJy
937,1.7 GHz (VLA),1700000000.0,milliJy
938,1.365 GHz (VLA),1370000000.0,milliJy
939,8 GHz (VLBA),8340000000.0,Jy
940,5 GHz (VLBA),4840000000.0,Jy
941,[Ar II] 6.98 (IRS),43000000000000.0,W/cm^2^
942,PAH 16.4 (IRS),18300000000000.0,ergs cm^-2^ s^-1^
943,PAH 17.4 (IRS),17200000000000.0,ergs cm^-2^ s^-1^
944,Q17.7 (Subaru),16900000000000.0,milliJy
945,880 microns (SMA),341000000000.0,milliJy
946,85.5 GHz (NMA),85500000000.0,milliJy
947,244 MHz (GMRT),244000000.0,Jy
948,240 MHz (GMRT),237000000.0,Jy
949,Si IV + O IV],2140000000000000.0,ergs/s/cm^2^
950,Si III] 1892,1580000000000000.0,ergs/s/cm^2^
951,U (XMM-OM),803000000000000.0,mag
952,5700 A,526000000000000.0,erg/s/cm^2^/Hz
953,Na I + He I,510000000000000.0,ergs/s/cm^2^
954,8.49 GHz (VLA),8490000000.0,milliJy
955,0.3-10 keV (Swift),1.24e+18,erg/cm^2^/s
956,U (Swift/UVOT),856000000000000.0,milliJy
957,3 GHz (VLA),3000000000.0,microJy
958,i (Pan-STARRS1) AB,399000000000000.0,mag
959,NB392 (INT) AB,765000000000000.0,mag
960,F814W (HST),373000000000000.0,mag
961,244.603 GHz (IRAM),245000000000.0,milliJy
962,203.850 GHz (IRAM),204000000000.0,milliJy
963,163.088 GHz (IRAM),163000000000.0,milliJy
964,81.551 GHz (IRAM),81600000000.0,milliJy
965,1.54 GHz (VLBA+GBT),1540000000.0,microJy
966,3mm (IRAM),96700000000.0,milliJy
967,13 cm (VLBI),2310000000.0,milliJy
968,3 microns (Spitzer),99900000000000.0,microJy
969,962 microns (UKIRT),312000000000.0,Jy
970,4.5-12.0 keV (XMM),1.99e+18,erg cm^-2^ s^-1^
971,F850LP (HST/ACS) AB,337000000000000.0,mag
972,F330W (HST),894000000000000.0,mag
973,B (LCO),678000000000000.0,mag
974,HI line (Parkes),1390000000.0,Jy km/s
975,1.465 GHz (VLA),1470000000.0,milliJy
976,B (INT/WFC),680000000000000.0,mag
977,Ly{alpha},2460000000000000.0,erg/cm^2^/s
978,O I 1302 (Sloan),2300000000000000.0,erg/s/cm^2^
979,C II 1335 (Sloan),2250000000000000.0,erg/s/cm^2^
980,[S III] (Herschel),9080000000000.0,W/m^2^
981,K (HST),145000000000000.0,mag
982,g (Keck),634000000000000.0,mag
983,0.5-12 keV (XMM),1.51e+18,ergs/cm^2^/s
984,0.25-5 keV (XMM),6.35e+17,erg/cm^2^/s
985,1150 A (FUSE),2610000000000000.0,erg/s/cm^2^/A
986,1799 A,1670000000000000.0,counts/32 s
987,3294 A,910000000000000.0,counts/32 s
988,PAH 5.7 (Spitzer),52600000000000.0,W/cm^2^
989,38.25 GHz (GBT),38300000000.0,milliJy
990,34.75 GHz (GBT),34800000000.0,milliJy
991,31.25 GHz (GBT),31300000000.0,milliJy
992,27.75 GHz (GBT),27800000000.0,milliJy
993,27.75 GHz (GBT),27300000000.0,milliJy
994,4.5 cm,6630000000.0,Jy
995,9 GHz (ATCA),9000000000.0,milliJy
996,150 MHz (LOFAR),150000000.0,milliJy
997,U (OAN-SPM),847000000000000.0,mag
998,V (OAN-SPM),521000000000000.0,mag
999,R (OAN-SPM),473000000000000.0,mag
1000,15.7 GHz (AMI LA),15700000000.0,milliJy
1001,H_2_ (12.2) (IRS),24600000000000.0,W/m^2^
1002,13.6 microns (IRS),22000000000000.0,W/m^2^
1003,185.60 MHz (MWA),186000000.0,milliJy
1004,154.88 MHz (MWA),155000000.0,milliJy
1005,F625W (HST),475000000000000.0,mag
1006,65 microns (AKARI),4610000000000.0,milliJy
1007,140 mcicrons (AKARI),2140000000000.0,milliJy
1008,B (XMM-OM),675000000000000.0,mag
1009,F606W (HST),500000000000000.0,mag
1010,450 microns,667000000000.0,Jy
1011,22 cm (WSRT),1360000000.0,Jy
1012,1514 MHz (VLA),1510000000.0,milliJy
1013,8.4 GHz (VLBI),8410000000.0,microJy
1014,2.3 GHz (VLBI),2270000000.0,microJy
1015,Si II,2370000000000000.0,ergs/s/cm^2^
1016,i' (GMOS-S) AB,384000000000000.0,mag
1017,Ca II,349000000000000.0,ergs/s/cm^2^
1018,B (VLT),707000000000000.0,mag
1019,20-60 keV (INTEGRAL),9.67e+18,erg/s/cm^2^
1020,0.5-4.5 keV,5.64e+17,counts s^-1^
1021,1350 microns (SCUBA),222000000000.0,milliJy
1022,F475W (HST) AB,632000000000000.0,mag
1023,F555W (HST) AB,559000000000000.0,mag
1024,F606W (HST) AB,506000000000000.0,mag
1025,F625W (HST) AB,474000000000000.0,mag
1026,F850LP (HST) AB,332000000000000.0,mag
1027,m(2000),1500000000000000.0,mag
1028,UVW2 (Swift-UVOT),1550000000000000.0,erg/s/cm^2^/A
1029,[O II] 2471(HST),1210000000000000.0,erg/cm^2^/s
1030,UVW1 (Swift-UVOT),1150000000000000.0,erg/s/cm^2^/A
1031,U (Swift-UVOT),865000000000000.0,erg/s/cm^2^/A
1032,U (XMM-OM),863000000000000.0,ergs/cm^2^/s/A
1033,[O III] 4960 (HST),604000000000000.0,erg/cm^2^/s
1034,L' (Gemini),76900000000000.0,milliJy
1035,Si4 (Gemini),29100000000000.0,milliJy
1036,150 microns (ISO),2000000000000.0,Jy
1037,8.5 GHz (VLA),8500000000.0,milliJy
1038,F336W (HST/WFPC2),897000000000000.0,mag
1039,He I + H{zeta},771000000000000.0,ergs/cm^2^/s
1040,H{epsilon},755000000000000.0,ergs/cm^2^/s
1041,[S II],737000000000000.0,ergs/cm^2^/s
1042,[S II],735000000000000.0,ergs/cm^2^/s
1043,He I,670000000000000.0,ergs/cm^2^/s
1044,[Fe III],644000000000000.0,ergs/cm^2^/s
1045,[Ar IV],636000000000000.0,ergs/cm^2^/s
1046,[Fe VII],581000000000000.0,ergs/cm^2^/s
1047,[N I],577000000000000.0,ergs/cm^2^/s
1048,[N I],576000000000000.0,ergs/cm^2^/s
1049,He I,449000000000000.0,ergs/cm^2^/s
1050,He I,424000000000000.0,ergs/cm^2^/s
1051,P11,338000000000000.0,ergs/cm^2^/s
1052,F606W (HST),505000000000000.0,mag
1053,Z (UKIRT),340000000000000.0,milliJy
1054,900 microns (SMA),333000000000.0,milliJy
1055,U (Swift),869000000000000.0,microJy
1056,0.4-4 keV (BeppoSAX),5.32e+17,erg/cm^2^/s
1057,Z (UKIRT),326000000000000.0,milliJy
1058,Y (UKIRT),288000000000000.0,milliJy
1059,10.75 microns Gemini,27900000000000.0,milliJy
1060,101 GHz (NMA),101000000000.0,milliJy
1061,146.969 GHz (NMA),147000000000.0,milliJy
1062,140.969 GHz (NMA),141000000000.0,milliJy
1063,0.3-12 keV (XMM),1.49e+18,erg/cm^2^/s
1064,8.4 microns,35700000000000.0,mag
1065,89 GHz (IRAM),89000000000.0,milliJy
1066,165.3 GHz (GBT),165000000000.0,Jy
1067,82.6 GHz (GBT),82600000000.0,Jy
1068,N_2_ (ESO),31900000000000.0,mag
1069,5.8 microns (IRS),51500000000000.0,milliJy
1070,8.3 microns (IRS),36000000000000.0,milliJy
1071,12.9 microns (IRS),23100000000000.0,milliJy
1072,8.0 microns (IRAC),38500000000000.0,microJy
1073,CI(2-1) (PdBI),809000000000.0,Jy km/s
1074,1.16 mm,258000000000.0,milliJy
1075,252.762 GHz (PdBI),253000000000.0,milliJy
1076,153.704 GHz (PdBI),154000000000.0,milliJy
1077,B (Subaru) AB,677000000000000.0,mag
1078,N4 (AKARI),69200000000000.0,microJy
1079,S11 (AKARI),28700000000000.0,microJy
1080,11 microns (AKARI),27300000000000.0,microJy
1081,L18W (AKARI),16300000000000.0,microJy
1082,1600 A (HST/ACS) AB,1860000000000000.0,mag
1083,ISOCAM 15 microns,20700000000000.0,milliJy
1084,H_2 S(4) line,37400000000000.0,W/m^2^
1085,AlIII (GTC),1610000000000000.0,erg/s/cm^2^
1086,2.5-12 keV (XMM),1.75e+18,ergs/cm^2^/s
1087,134.969 GHz (NMA),135000000000.0,milliJy
1088,F300W (HST),998000000000000.0,erg/cm^2^/s/A
1089,F439W (HST),695000000000000.0,erg/cm^2^/s/A
1090,12 mm (VLA),25000000000.0,milliJy
1091,F207M (HST),144000000000000.0,milliJy
1092,2.35 microns,128000000000000.0,Jy
1093,3.43 microns,87400000000000.0,Jy
1094,11.1 microns,27000000000000.0,mag
1095,17.5 microns,17100000000000.0,Jy
1096,21.6 microns,13900000000000.0,Jy
1097,OH 53 (ISO),5620000000000.0,W/cm^2^
1098,[O I] 63 (ISO),4740000000000.0,W/cm^2^
1099,OH 65 (ISO),4600000000000.0,W/cm^2^
1100,H2O 66 (ISO),4510000000000.0,W/cm^2^
1101,H2O 67 (ISO),4470000000000.0,W/cm^2^
1102,OH 84 (ISO),3550000000000.0,W/cm^2^
1103,H2O 101 (ISO),2970000000000.0,W/cm^2^
1104,OH 119 (ISO),2510000000000.0,W/cm^2^
1105,85.3 GHz (IRAM),85300000000.0,milliJy
1106,F475W (HST) AB,633000000000000.0,mag
1107,169 MHz (LOFAR),169000000.0,Jy
1108,161 MHz (LOFAR),161000000.0,Jy
1109,154 MHz (LOFAR),154000000.0,Jy
1110,146 MHz (LOFAR),146000000.0,Jy
1111,138 MHz (LOFAR),138000000.0,Jy
1112,130 MHz (LOFAR),130000000.0,Jy
1113,U (KPNO),838000000000000.0,mag
1114,151 MHz (CLFST),515000000.0,Jy
1115,PAH2 (VLT),26700000000000.0,milliJy
1116,NeIIref1 (VLT),24500000000000.0,milliJy
1117,100-200 keV INTEGRAL,3.63e+19,erg/s/cm^2^
1118,21 GHz (ATCA),21000000000.0,milliJy
1119,19 GHz (ATCA),19000000000.0,milliJy
1120,17 GHz (ATCA),17000000000.0,milliJy
1121,180 microns (ISO),1670000000000.0,Jy
1122,r' (USNO),482000000000000.0,mag
1123,i' (USNO),393000000000000.0,mag
1124,136.2 GHz (GBT),136000000000.0,Jy
1125,86.9 GHz (GBT),86900000000.0,Jy
1126,41.5 GHz (GBT),41500000000.0,Jy
1127,Br{beta} (AKARI),114000000000000.0,erg/s/cm^2^
1128,85.6 GHz (NMA),85600000000.0,milliJy
1129,1635 MHz (VLA),1640000000.0,milliJy
1130,6947 A (Keck I),432000000000000.0,erg/cm^2^/A/s
1131,0.3-6 keV (XMM),7.62e+17,erg cm^-2^ s^-1^
1132,6.1 GHz (ATCA),6100000000.0,milliJy
1133,2.3 GHz (ATCA),2400000000.0,milliJy
1134,F180M (HST/NICMOS),167000000000000.0,mag
1135,CO (7-6) (CSO),807000000000.0,Jy km/s
1136,CN(N=3-2) (PdBI),340000000000.0,Jy km/s
1137,^13^CO(3-2) (IRAM),331000000000.0,Jy km/s
1138,92.9 GHz (IRAM),92900000000.0,milliJy
1139,1140 MHz (GBT),1140000000.0,Jy
1140,u' (MMT) AB,832000000000000.0,mag
1141,u* (CFHTLS) AB,788000000000000.0,mag
1142,g' (CFHTLS) AB,620000000000000.0,mag
1143,F606W (HST) AB,517000000000000.0,mag
1144,F814W (HST) AB,364000000000000.0,mag
1145,J2 (NEWFIRM) AB,251000000000000.0,mag
1146,J (CAHA) AB,249000000000000.0,mag
1147,H1 (NEWFIRM) AB,192000000000000.0,mag
1148,H2 (NEWFIRM) AB,176000000000000.0,mag
1149,4.5 microns IRAC AB,66900000000000.0,mag
1150,5.8 microns IRAC AB,53100000000000.0,mag
1151,8 microns IRAC AB,38300000000000.0,mag
1152,B (NOT),700000000000000.0,mag
1153,46 MHz (LOFAR),46000000000.0,milliJy
1154,4.9 GHz (VLA),4940000000.0,milliJy
1155,4.5 GHz (VLA),4560000000.0,milliJy
1156,B_W (KPNO/MOSAIC),729000000000000.0,mag
1157,153 MHz (GMRT),153000000.0,milliJy
1158,62 MHz (LOFAR),62000000000.0,milliJy
1159,3.1 GHz (ATA),3100000000.0,milliJy
1160,24.4 GHz (VLBA),24400000000.0,Jy
1161,U (Swift) AB,867000000000000.0,mag
1162,i' (Wirth),377000000000000.0,mag
1163,11.1 GHz (RATAN),11100000000.0,Jy
1164,1.0 GHz (RATAN),1000000000.0,Jy
1165,3.7 microns,81000000000000.0,milliJy
1166,Photographic g_POSS_,582000000000000.0,mag
1167,0.2-2.4 keV Chandra,3.14e+17,ergs/cm^2^/s
1168,6982 A (Keck I),429000000000000.0,erg/cm^2^/A/s
1169,14.4 microns ISOCAM,20800000000000.0,milliJy
1170,6970 A (Keck I),430000000000000.0,erg/cm^2^/A/s
1171,0.3 GHz (VLA),324000000.0,milliJy
1172,Z_aper_ (INT/WFC),342000000000000.0,mag
1173,3.6 microns (IRAC),84200000000000.0,microJy
1174,858 MHz (WSRT),858000000.0,Jy
1175,V (Swift) AB,553000000000000.0,mag
1176,[Fe II] (IRS),56100000000000.0,erg cm^-2^ s^-1^
1177,24.5 microns MIRLIN,12200000000000.0,milliJy
1178,107.57 GHz (NMA),108000000000.0,milliJy
1179,87.06 GHz (NMA),87100000000.0,milliJy
1180,86.52 GHz (NMA),86500000000.0,milliJy
1181,4710 MHz (VLA),4710000000.0,milliJy
1182,4.5 microns (IRAC),66300000000000.0,microJy
1183,0.615 GHz (GMRT),615000000.0,Jy
1184,4790 MHz (VLA),4790000000.0,milliJy
1185,2-200 keV (INTEGRAL),2.44e+19,erg/s/cm^2^
1186,N2 (AKARI),125000000000000.0,Jy
1187,N3 (AKARI),93700000000000.0,Jy
1188,N4 (AKARI),73100000000000.0,Jy
1189,V (NOT),560000000000000.0,mag
1190,93.1 GHz (CARMA),93100000000.0,milliJy
1191,88.9 GHz (CARMA),88900000000.0,milliJy
1192,4-20 keV (INTEGRAL),2.9e+18,erg/cm^2^/s
1193,3.5 cm (VLA),8570000000.0,milliJy
1194,H_2 = 1-0 S(5),163000000000000.0,erg/s/cm^2^
1195,He II (6-5),161000000000000.0,erg/s/cm^2^
1196,PAH 13.5 (IRS),22200000000000.0,erg/s/cm^2^
1197,PAH 18.9 (IRS),15900000000000.0,erg/s/cm^2^
1198,PAH 33.1 (IRS),9060000000000.0,erg/s/cm^2^
1199,14650 MHz,14700000000.0,Jy
1200,8515 MHz,8510000000.0,Jy
1201,4525 MHz (VLA),4530000000.0,Jy
1202,1340 MHz (VLBA),1300000000.0,Jy
1203,327 MHz (VLA),328000000.0,Jy
1204,I (OAGH),353000000000000.0,mag
1205,UVW2 (XMM-OM),1450000000000000.0,erg/cm^2^/s/A
1206,F225W (HST) AB,1270000000000000.0,mag
1207,F105W (HST) AB,284000000000000.0,mag
1208,F110W (HST) AB,260000000000000.0,mag
1209,F140W (HST) AB,215000000000000.0,mag
1210,L' (GeminiN),79300000000000.0,mag
1211,0.3-5 keV (Chandra),6.41e+17,erg/cm^2^/s
1212,N II (HST),2770000000000000.0,ergs/cm^2^/s
1213,Si III (HST),2700000000000000.0,ergs/cm^2^/s
1214,C III (HST),2550000000000000.0,ergs/cm^2^/s
1215,Si II (HST),2510000000000000.0,ergs/cm^2^/s
1216,Si II (HST),2380000000000000.0,ergs/cm^2^/s
1217,Fe II191 (HST),1680000000000000.0,ergs/cm^2^/s
1218,Si II (HST),1650000000000000.0,ergs/cm^2^/s
1219,Al III (HST),1620000000000000.0,ergs/cm^2^/s
1220,C III] (HST),1560000000000000.0,ergs/cm^2^/s
1221,Ca II (HST),762000000000000.0,ergs/cm^2^/s
1222,Na I D (HST),509000000000000.0,ergs/cm^2^/s
1223,g (Gunn),608000000000000.0,mag
1224,[O III]+H{beta},607000000000000.0,log(erg/s/cm^2^)
1225,NB_J (CFHT) AB,253000000000000.0,mag
1226,Y (CFHT),2940000000000000.0,mag
1227,B (Loiano),674000000000000.0,microJy
1228,0.5-9 keV (Chandra),1.15e+18,erg/cm^2^/s
1229,106.634 GHz (CARMA),107000000000.0,milliJy
1230,4910 MHz (GMRT),4910000000.0,milliJy
1231,1313 MHz (GMRT),1310000000.0,milliJy
1232,332 MHz (GMRT),332000000.0,milliJy
1233,476 GeV (MAGIC),1.15e+26,erg/cm^2^/s
1234,235 GeV (MAGIC),5.68e+25,erg/cm^2^/s
1235,186 GeV (MAGIC),4.5e+25,erg/cm^2^/s
1236,128 GeV (MAGIC),3.1e+25,erg/cm^2^/s
1237,113 GeV (MAGIC),2.73e+25,erg/cm^2^/s
1238,83 GeV (MAGIC),2.01e+25,erg/cm^2^/s
1239,4-200 keV (INTEGRAL),2.47e+19,erg/cm^2^/s
1240,238 GHz (ESO),238000000000.0,Jy
1241,863 MHz (ASKAP),863000000.0,milliJy
1242,2.14 mm (NIKA),140000000000.0,milliJy
1243,0.3-1 keV (XMM),1.57e+17,erg/cm^2^/s
1244,105 microns (ISO),2800000000000.0,Jy
